{
    "id": "fe001a6c-33fa-428b-aaf9-57da29de4b84",
    "changed": "2023-03-08T14:22:56.052Z",
    "content": "Check:\n  all:\n    - any:\n        - name: AESCAN\n          operator: equal_to\n          value: Y\n        - name: AESCONG\n          operator: equal_to\n          value: Y\n        - name: AESDISAB\n          operator: equal_to\n          value: Y\n        - name: AESDTH\n          operator: equal_to\n          value: Y\n        - name: AESHOSP\n          operator: equal_to\n          value: Y\n        - name: AESLIFE\n          operator: equal_to\n          value: Y\n        - name: AESOD\n          operator: equal_to\n          value: Y\n        - name: AESMIE\n          operator: equal_to\n          value: Y\n    - name: AESER\n      operator: not_equal_to\n      value: Y\nCore:\n  Id: CORE-000022\n  Version: '1'\n  Status: Published\nDescription: Raise an error when AESCAN, AESCONG, AESDISAB, AESDTH, AESHOSP,\n  AESLIFE, AESOD or AESMIE = 'Y' and AESER = 'N' or is empty.\nOutcome:\n  Message: At least one of the Seriousness criteria (AESCAN, AESCONG, AESDISAB,\n    AESDTH, AESHOSP, AESLIFE, AESOD or AESMIE)  = 'Y', but AESER = 'N' or empty.\n  Output Variables:\n    - AETERM\n    - AESTDTC\n    - AESER\n    - AESCAN\n    - AESCONG\n    - AESDISAB\n    - AESDTH\n    - AESHOSP\n    - AESLIFE\n    - AESOD\n    - AESMIE\nRule Type: Record Data\nSensitivity: Record\nExecutability: Fully Executable\nAuthorities:\n  - Organization: CDISC\n    Standards:\n      - Name: SDTMIG\n        Version: '3.4'\n        References:\n          - Origin: SDTM and SDTMIG Conformance Rules\n            Rule Identifier:\n              Id: CG0041\n              Version: '1'\n            Version: '2.0'\n            Citations:\n              - Cited Guidance: If categories of serious events are collected secondarily to a\n                  leading question, as in the example below, the values of the\n                  variables that capture reasons an event is considered serious\n                  (i.e., AESCAN, AESCONG, etc.) may be null. For example, if\n                  Serious is answered \"No\", the values for these variables maybe\n                  null. However, if Serious is answered \"Yes\", at least one of\n                  them will have a \"Y\" response.\n                Document: SDTMIG v3.4\n                Item: Assumption 6a\n                Section: 6.2.1\n      - Name: SDTMIG\n        Version: '3.3'\n        References:\n          - Origin: SDTM and SDTMIG Conformance Rules\n            Rule Identifier:\n              Id: CG0041\n              Version: '1'\n            Version: '2.0'\n            Citations:\n              - Cited Guidance: If categories of serious events are collected secondarily to a\n                  leading question, as in the example below, the values of the\n                  variables that capture reasons an event is considered serious\n                  (i.e., AESCAN, AESCONG, etc.) may be null. For example, if\n                  Serious is answered \"No\", the values for these variables maybe\n                  null. However, if Serious is answered \"Yes\", at least one of\n                  them will have a \"Y\" response.\n                Document: SDTMIG v3.3\n                Item: Assumption 6a\n                Section: 6.2.1\n      - Name: SDTMIG\n        Version: '3.2'\n        References:\n          - Origin: SDTM and SDTMIG Conformance Rules\n            Rule Identifier:\n              Id: CG0041\n              Version: '1'\n            Version: '2.0'\n            Citations:\n              - Cited Guidance: If categories of serious events are collected secondarily to a\n                  leading question, as in the example below, the values of the\n                  variables that capture reasons an event is considered serious\n                  (i.e., AESCAN, AESCONG, etc.) may be null. For example, if\n                  Serious is answered \"No\", the values for these variables may\n                  be null. However, if Serious is answered \"Yes\", at least one\n                  of them will have a \"Y\" response.\n                Document: SDTMIG v3.2\n                Item: Assumption 6a\n                Section: 6.2.\nScope:\n  Classes:\n    Include:\n      - EVENTS\n  Domains:\n    Include:\n      - AE\n",
    "created": "2021-09-29T12:02:47Z",
    "creator": {
        "id": "02c3c969-4787-4d57-b164-e2851035c0e8"
    },
    "json": {
        "Check": {
            "all": [
                {
                    "any": [
                        {
                            "name": "AESCAN",
                            "operator": "equal_to",
                            "value": "Y"
                        },
                        {
                            "name": "AESCONG",
                            "operator": "equal_to",
                            "value": "Y"
                        },
                        {
                            "name": "AESDISAB",
                            "operator": "equal_to",
                            "value": "Y"
                        },
                        {
                            "name": "AESDTH",
                            "operator": "equal_to",
                            "value": "Y"
                        },
                        {
                            "name": "AESHOSP",
                            "operator": "equal_to",
                            "value": "Y"
                        },
                        {
                            "name": "AESLIFE",
                            "operator": "equal_to",
                            "value": "Y"
                        },
                        {
                            "name": "AESOD",
                            "operator": "equal_to",
                            "value": "Y"
                        },
                        {
                            "name": "AESMIE",
                            "operator": "equal_to",
                            "value": "Y"
                        }
                    ]
                },
                {
                    "name": "AESER",
                    "operator": "not_equal_to",
                    "value": "Y"
                }
            ]
        },
        "Core": {
            "Id": "CORE-000022",
            "Version": "1",
            "Status": "Published"
        },
        "Description": "Raise an error when AESCAN, AESCONG, AESDISAB, AESDTH, AESHOSP, AESLIFE, AESOD or AESMIE = 'Y' and AESER = 'N' or is empty.",
        "Outcome": {
            "Message": "At least one of the Seriousness criteria (AESCAN, AESCONG, AESDISAB, AESDTH, AESHOSP, AESLIFE, AESOD or AESMIE)  = 'Y', but AESER = 'N' or empty.",
            "Output_Variables": [
                "AETERM",
                "AESTDTC",
                "AESER",
                "AESCAN",
                "AESCONG",
                "AESDISAB",
                "AESDTH",
                "AESHOSP",
                "AESLIFE",
                "AESOD",
                "AESMIE"
            ]
        },
        "Sensitivity": "Record",
        "Executability": "Fully Executable",
        "Authorities": [
            {
                "Organization": "CDISC",
                "Standards": [
                    {
                        "Name": "SDTMIG",
                        "Version": "3.4",
                        "References": [
                            {
                                "Origin": "SDTM and SDTMIG Conformance Rules",
                                "Version": "2.0",
                                "Citations": [
                                    {
                                        "Document": "SDTMIG v3.4",
                                        "Item": "Assumption 6a",
                                        "Section": "6.2.1",
                                        "Cited_Guidance": "If categories of serious events are collected secondarily to a leading question, as in the example below, the values of the variables that capture reasons an event is considered serious (i.e., AESCAN, AESCONG, etc.) may be null. For example, if Serious is answered \"No\", the values for these variables maybe null. However, if Serious is answered \"Yes\", at least one of them will have a \"Y\" response."
                                    }
                                ],
                                "Rule_Identifier": {
                                    "Id": "CG0041",
                                    "Version": "1"
                                }
                            }
                        ]
                    },
                    {
                        "Name": "SDTMIG",
                        "Version": "3.3",
                        "References": [
                            {
                                "Origin": "SDTM and SDTMIG Conformance Rules",
                                "Version": "2.0",
                                "Citations": [
                                    {
                                        "Document": "SDTMIG v3.3",
                                        "Item": "Assumption 6a",
                                        "Section": "6.2.1",
                                        "Cited_Guidance": "If categories of serious events are collected secondarily to a leading question, as in the example below, the values of the variables that capture reasons an event is considered serious (i.e., AESCAN, AESCONG, etc.) may be null. For example, if Serious is answered \"No\", the values for these variables maybe null. However, if Serious is answered \"Yes\", at least one of them will have a \"Y\" response."
                                    }
                                ],
                                "Rule_Identifier": {
                                    "Id": "CG0041",
                                    "Version": "1"
                                }
                            }
                        ]
                    },
                    {
                        "Name": "SDTMIG",
                        "Version": "3.2",
                        "References": [
                            {
                                "Origin": "SDTM and SDTMIG Conformance Rules",
                                "Version": "2.0",
                                "Citations": [
                                    {
                                        "Document": "SDTMIG v3.2",
                                        "Item": "Assumption 6a",
                                        "Section": "6.2.",
                                        "Cited_Guidance": "If categories of serious events are collected secondarily to a leading question, as in the example below, the values of the variables that capture reasons an event is considered serious (i.e., AESCAN, AESCONG, etc.) may be null. For example, if Serious is answered \"No\", the values for these variables may be null. However, if Serious is answered \"Yes\", at least one of them will have a \"Y\" response."
                                    }
                                ],
                                "Rule_Identifier": {
                                    "Id": "CG0041",
                                    "Version": "1"
                                }
                            }
                        ]
                    }
                ]
            }
        ],
        "Scope": {
            "Classes": {
                "Include": [
                    "EVENTS"
                ]
            },
            "Domains": {
                "Include": [
                    "AE"
                ]
            }
        },
        "Rule_Type": "Record Data"
    },
    "_rid": "+4oQAKOYNXw9igAAAAAAAA==",
    "_self": "dbs/+4oQAA==/colls/+4oQAKOYNXw=/docs/+4oQAKOYNXw9igAAAAAAAA==/",
    "_etag": "\"e902399e-0000-0700-0000-6439ba1c0000\"",
    "_attachments": "attachments/",
    "_ts": 1681504796
}