{
    "id": "dd8a60fc-3309-4a5c-bdc6-0e260fc3d3a7",
    "changed": "2023-03-08T14:15:25.362Z",
    "content": "Check:\n  all:\n    - name: AESTAT\n      operator: exists\nCore:\n  Id: CORE-000013\n  Version: '1'\n  Status: Published\nDescription: Raise an error when AESTAT is present in AE dataset.\nOutcome:\n  Message: AESTAT variable is present in AE dataset.\n  Output Variables:\n    - AESTAT\nRule Type: Record Data\nSensitivity: Dataset\nExecutability: Fully Executable\nAuthorities:\n  - Organization: CDISC\n    Standards:\n      - Name: SDTMIG\n        Version: '3.4'\n        References:\n          - Origin: SDTM and SDTMIG Conformance Rules\n            Rule Identifier:\n              Id: CG0044\n              Version: '1'\n            Version: '2.0'\n            Citations:\n              - Cited Guidance: --> The following Qualifiers would not be used in AE; \"--OCCUR\",\n                  \"--STAT\", and \"--REASND\". They are the only Qualifiers from\n                  the SDTM Events Class not in the AE domain. They are not\n                  permitted because the AE domain contains only records for\n                  adverse events that actually occurred.\n                Document: SDTMIG v3.4\n                Item: Assumption 9\n                Section: 6.2.1\n      - Name: SDTMIG\n        Version: '3.3'\n        References:\n          - Origin: SDTM and SDTMIG Conformance Rules\n            Rule Identifier:\n              Id: CG0044\n              Version: '1'\n            Version: '2.0'\n            Citations:\n              - Cited Guidance: --> The following Qualifiers would not be used in AE; \"--OCCUR\",\n                  \"--STAT\", and \"--REASND\". They are the only Qualifiers from\n                  the SDTM Events Class not in the AE domain. They are not\n                  permitted because the AE domain contains only records for\n                  adverse events that actually occurred.\n                Document: SDTMIG v3.3\n                Item: Assumption 9\n                Section: 6.2.1\n      - Name: SDTMIG\n        Version: '3.2'\n        References:\n          - Origin: SDTM and SDTMIG Conformance Rules\n            Rule Identifier:\n              Id: CG0044\n              Version: '1'\n            Version: '2.0'\n            Citations:\n              - Cited Guidance: --> The following Qualifiers would not be used in AE; \"--OCCUR\",\n                  \"--STAT\", and \"--REASND\". They are the only Qualifiers from\n                  the SDTM Events Class not in the AE domain. They are not\n                  permitted because the AE domain contains only records for\n                  adverse events that actually occurred.\n                Document: SDTMIG v3.2\n                Item: Assumption 8\n                Section: 6.2.\nScope:\n  Classes:\n    Include:\n      - EVENTS\n  Domains:\n    Include:\n      - AE\n",
    "created": "2021-09-28T09:29:34Z",
    "creator": {
        "id": "02c3c969-4787-4d57-b164-e2851035c0e8"
    },
    "json": {
        "Check": {
            "all": [
                {
                    "name": "AESTAT",
                    "operator": "exists"
                }
            ]
        },
        "Core": {
            "Id": "CORE-000013",
            "Version": "1",
            "Status": "Published"
        },
        "Description": "Raise an error when AESTAT is present in AE dataset.",
        "Outcome": {
            "Message": "AESTAT variable is present in AE dataset.",
            "Output_Variables": [
                "AESTAT"
            ]
        },
        "Sensitivity": "Dataset",
        "Executability": "Fully Executable",
        "Authorities": [
            {
                "Organization": "CDISC",
                "Standards": [
                    {
                        "Name": "SDTMIG",
                        "Version": "3.4",
                        "References": [
                            {
                                "Origin": "SDTM and SDTMIG Conformance Rules",
                                "Version": "2.0",
                                "Citations": [
                                    {
                                        "Document": "SDTMIG v3.4",
                                        "Item": "Assumption 9",
                                        "Section": "6.2.1",
                                        "Cited_Guidance": "--> The following Qualifiers would not be used in AE; \"--OCCUR\", \"--STAT\", and \"--REASND\". They are the only Qualifiers from the SDTM Events Class not in the AE domain. They are not permitted because the AE domain contains only records for adverse events that actually occurred."
                                    }
                                ],
                                "Rule_Identifier": {
                                    "Id": "CG0044",
                                    "Version": "1"
                                }
                            }
                        ]
                    },
                    {
                        "Name": "SDTMIG",
                        "Version": "3.3",
                        "References": [
                            {
                                "Origin": "SDTM and SDTMIG Conformance Rules",
                                "Version": "2.0",
                                "Citations": [
                                    {
                                        "Document": "SDTMIG v3.3",
                                        "Item": "Assumption 9",
                                        "Section": "6.2.1",
                                        "Cited_Guidance": "--> The following Qualifiers would not be used in AE; \"--OCCUR\", \"--STAT\", and \"--REASND\". They are the only Qualifiers from the SDTM Events Class not in the AE domain. They are not permitted because the AE domain contains only records for adverse events that actually occurred."
                                    }
                                ],
                                "Rule_Identifier": {
                                    "Id": "CG0044",
                                    "Version": "1"
                                }
                            }
                        ]
                    },
                    {
                        "Name": "SDTMIG",
                        "Version": "3.2",
                        "References": [
                            {
                                "Origin": "SDTM and SDTMIG Conformance Rules",
                                "Version": "2.0",
                                "Citations": [
                                    {
                                        "Document": "SDTMIG v3.2",
                                        "Item": "Assumption 8",
                                        "Section": "6.2.",
                                        "Cited_Guidance": "--> The following Qualifiers would not be used in AE; \"--OCCUR\", \"--STAT\", and \"--REASND\". They are the only Qualifiers from the SDTM Events Class not in the AE domain. They are not permitted because the AE domain contains only records for adverse events that actually occurred."
                                    }
                                ],
                                "Rule_Identifier": {
                                    "Id": "CG0044",
                                    "Version": "1"
                                }
                            }
                        ]
                    }
                ]
            }
        ],
        "Scope": {
            "Classes": {
                "Include": [
                    "EVENTS"
                ]
            },
            "Domains": {
                "Include": [
                    "AE"
                ]
            }
        },
        "Rule_Type": "Record Data"
    },
    "_rid": "+4oQAKOYNXwmigAAAAAAAA==",
    "_self": "dbs/+4oQAA==/colls/+4oQAKOYNXw=/docs/+4oQAKOYNXwmigAAAAAAAA==/",
    "_etag": "\"e902e99b-0000-0700-0000-6439ba0c0000\"",
    "_attachments": "attachments/",
    "_ts": 1681504780
}