{
    "id": "8b0bedaa-3c96-48b0-bdd7-a25858545f6c",
    "changed": "2023-03-30T22:07:52.604Z",
    "content": "Check:\n  all:\n    - name: --PTCD\n      operator: non_empty\n    - name: --DECOD\n      operator: empty\nCore:\n  Id: CDISC.SDTMIG.CG0050\n  Version: '1'\n  Status: Draft\nDescription: Raise an error when --DECOD is not populated but --PTCD is populated\nOutcome:\n  Message: --DECOD should be populated when --PTCD is populated\n  Output Variables:\n    - --TERM\n    - --PTCD\n    - --DECOD\nRule Type: Record Data\nSensitivity: Record\nExecutability: Fully Executable\nAuthorities:\n  - Organization: CDISC\n    Standards:\n      - Name: SDTMIG\n        Version: '3.4'\n        References:\n          - Origin: SDTM and SDTMIG Conformance Rules\n            Rule Identifier:\n              Id: CG0050\n              Version: '1'\n            Version: '2.0'\n            Citations:\n              - Cited Guidance: The preferred term code assigned to the event from\n                  MedDRA.\n                Document: Model v2.0\n                Item: --PTCD\n                Section: Events\n      - Name: SDTMIG\n        Version: '3.3'\n        References:\n          - Origin: SDTM and SDTMIG Conformance Rules\n            Rule Identifier:\n              Id: CG0050\n              Version: '1'\n            Version: '2.0'\n            Citations:\n              - Cited Guidance: MedDRA Preferred Term code.\n                Document: Model v1.7\n                Item: --PTCD\n                Section: 2.2.2\n      - Name: SDTMIG\n        Version: '3.2'\n        References:\n          - Origin: SDTM and SDTMIG Conformance Rules\n            Rule Identifier:\n              Id: CG0050\n              Version: '1'\n            Version: '2.0'\n            Citations:\n              - Cited Guidance: MedDRA Preferred Term code.\n                Document: Model v1.4\n                Item: --PTCD\n                Section: 2.2.2\nScope:\n  Classes:\n    Include:\n      - EVENTS\n  Domains:\n    Include:\n      - ALL\n",
    "created": "2021-10-11T16:33:27Z",
    "creator": {
        "id": "58534b88-88e7-41a5-be67-a4d0742ed999"
    },
    "json": {
        "Check": {
            "all": [
                {
                    "name": "--PTCD",
                    "operator": "non_empty"
                },
                {
                    "name": "--DECOD",
                    "operator": "empty"
                }
            ]
        },
        "Core": {
            "Id": "CDISC.SDTMIG.CG0050",
            "Version": "1",
            "Status": "Draft"
        },
        "Description": "Raise an error when --DECOD is not populated but --PTCD is populated",
        "Outcome": {
            "Message": "--DECOD should be populated when --PTCD is populated",
            "Output_Variables": [
                "--TERM",
                "--PTCD",
                "--DECOD"
            ]
        },
        "Sensitivity": "Record",
        "Executability": "Fully Executable",
        "Authorities": [
            {
                "Organization": "CDISC",
                "Standards": [
                    {
                        "Name": "SDTMIG",
                        "Version": "3.4",
                        "References": [
                            {
                                "Origin": "SDTM and SDTMIG Conformance Rules",
                                "Version": "2.0",
                                "Citations": [
                                    {
                                        "Document": "Model v2.0",
                                        "Item": "--PTCD",
                                        "Section": "Events",
                                        "Cited_Guidance": "The preferred term code assigned to the event from MedDRA."
                                    }
                                ],
                                "Rule_Identifier": {
                                    "Id": "CG0050",
                                    "Version": "1"
                                }
                            }
                        ]
                    },
                    {
                        "Name": "SDTMIG",
                        "Version": "3.3",
                        "References": [
                            {
                                "Origin": "SDTM and SDTMIG Conformance Rules",
                                "Version": "2.0",
                                "Citations": [
                                    {
                                        "Document": "Model v1.7",
                                        "Item": "--PTCD",
                                        "Section": "2.2.2",
                                        "Cited_Guidance": "MedDRA Preferred Term code."
                                    }
                                ],
                                "Rule_Identifier": {
                                    "Id": "CG0050",
                                    "Version": "1"
                                }
                            }
                        ]
                    },
                    {
                        "Name": "SDTMIG",
                        "Version": "3.2",
                        "References": [
                            {
                                "Origin": "SDTM and SDTMIG Conformance Rules",
                                "Version": "2.0",
                                "Citations": [
                                    {
                                        "Document": "Model v1.4",
                                        "Item": "--PTCD",
                                        "Section": "2.2.2",
                                        "Cited_Guidance": "MedDRA Preferred Term code."
                                    }
                                ],
                                "Rule_Identifier": {
                                    "Id": "CG0050",
                                    "Version": "1"
                                }
                            }
                        ]
                    }
                ]
            }
        ],
        "Scope": {
            "Classes": {
                "Include": [
                    "EVENTS"
                ]
            },
            "Domains": {
                "Include": [
                    "ALL"
                ]
            }
        },
        "Rule_Type": "Record Data"
    },
    "_rid": "+4oQAKOYNXwaiwAAAAAAAA==",
    "_self": "dbs/+4oQAA==/colls/+4oQAKOYNXw=/docs/+4oQAKOYNXwaiwAAAAAAAA==/",
    "_etag": "\"e90220b0-0000-0700-0000-6439baaa0000\"",
    "_attachments": "attachments/",
    "_ts": 1681504938
}