{
    "id": "1fcf500c-48ad-47fe-80f7-d74b7d5f7039",
    "changed": "2023-03-28T13:27:40.148Z",
    "content": "Check:\n  all:\n    - name: --PTCD\n      operator: is_not_unique_relationship\n      value: --DECOD\nCore:\n  Id: CDISC.SDTMIG.CG0049\n  Version: '1'\n  Status: Draft\nDescription: Trigger error when --DECOD and --PTCD do not have a one-to-one relationship\nOutcome:\n  Message: --DECOD and --PTCD do not have a one-to-one relationship\n  Output Variables:\n    - --PTCD\n    - --DECOD\nRule Type: Record Data\nSensitivity: Record\nExecutability: Fully Executable\nAuthorities:\n  - Organization: CDISC\n    Standards:\n      - Name: SDTMIG\n        Version: '3.4'\n        References:\n          - Origin: SDTM and SDTMIG Conformance Rules\n            Rule Identifier:\n              Id: CG0049\n              Version: '1'\n            Version: '2.0'\n            Citations:\n              - Cited Guidance: Standardized or dictionary-derived text for the description\n                  of an event or intervention. Equivalent to the Preferred Term (PT\n                  in MedDRA).\n                Document: Model v2.0\n                Item: --DECOD\n                Section: Events\n              - Cited Guidance: The preferred term code assigned to the event from\n                  MedDRA.\n                Document: Model v2.0\n                Item: --PTCD\n                Section: Events\n      - Name: SDTMIG\n        Version: '3.3'\n        References:\n          - Origin: SDTM and SDTMIG Conformance Rules\n            Rule Identifier:\n              Id: CG0049\n              Version: '1'\n            Version: '2.0'\n            Citations:\n              - Cited Guidance: Dictionary or sponsor-defined derived text description of the topic variable, \n                  --TERM, or the modified topic variable (--MODIFY), if applicable. Equivalent to the Preferred    \n                  Term (PT in MedDRA).\n                Document: Model v1.7\n                Item: --DECOD\n                Section: 2.2.2\n              - Cited Guidance: MedDRA Preferred Term code.\n                Document: Model v1.7\n                Item: --PTCD\n                Section: 2.2.2\n      - Name: SDTMIG\n        Version: '3.2'\n        References:\n          - Origin: SDTM and SDTMIG Conformance Rules\n            Rule Identifier:\n              Id: CG0049\n              Version: '1'\n            Version: '2.0'\n            Citations:\n              - Cited Guidance: Dictionary or sponsor-defined derived text description of the topic variable, \n                  --TERM, or the modified topic variable (--MODIFY), if applicable. Equivalent to the Preferred \n                  Term (PT in MedDRA).\n                Document: Model v1.4\n                Item: --DECOD\n                Section: 2.2.2\n              - Cited Guidance: MedDRA Preferred Term code.\n                Document: Model v1.4\n                Item: --PTCD\n                Section: 2.2.2\nScope:\n  Classes:\n    Include:\n      - EVENTS\n  Domains:\n    Include:\n      - ALL\n",
    "created": "2021-11-06T07:01:58Z",
    "creator": {
        "id": "ff471ff8-f131-4cf5-9712-c79cce6301a1"
    },
    "json": {
        "Check": {
            "all": [
                {
                    "name": "--PTCD",
                    "operator": "is_not_unique_relationship",
                    "value": "--DECOD"
                }
            ]
        },
        "Core": {
            "Id": "CDISC.SDTMIG.CG0049",
            "Version": "1",
            "Status": "Draft"
        },
        "Description": "Trigger error when --DECOD and --PTCD do not have a one-to-one relationship",
        "Outcome": {
            "Message": "--DECOD and --PTCD do not have a one-to-one relationship",
            "Output_Variables": [
                "--PTCD",
                "--DECOD"
            ]
        },
        "Sensitivity": "Record",
        "Executability": "Fully Executable",
        "Authorities": [
            {
                "Organization": "CDISC",
                "Standards": [
                    {
                        "Name": "SDTMIG",
                        "Version": "3.4",
                        "References": [
                            {
                                "Origin": "SDTM and SDTMIG Conformance Rules",
                                "Version": "2.0",
                                "Citations": [
                                    {
                                        "Document": "Model v2.0",
                                        "Item": "--DECOD",
                                        "Section": "Events",
                                        "Cited_Guidance": "Standardized or dictionary-derived text for the description of an event or intervention. Equivalent to the Preferred Term (PT in MedDRA)."
                                    },
                                    {
                                        "Document": "Model v2.0",
                                        "Item": "--PTCD",
                                        "Section": "Events",
                                        "Cited_Guidance": "The preferred term code assigned to the event from MedDRA."
                                    }
                                ],
                                "Rule_Identifier": {
                                    "Id": "CG0049",
                                    "Version": "1"
                                }
                            }
                        ]
                    },
                    {
                        "Name": "SDTMIG",
                        "Version": "3.3",
                        "References": [
                            {
                                "Origin": "SDTM and SDTMIG Conformance Rules",
                                "Version": "2.0",
                                "Citations": [
                                    {
                                        "Document": "Model v1.7",
                                        "Item": "--DECOD",
                                        "Section": "2.2.2",
                                        "Cited_Guidance": "Dictionary or sponsor-defined derived text description of the topic variable, --TERM, or the modified topic variable (--MODIFY), if applicable. Equivalent to the Preferred Term (PT in MedDRA)."
                                    },
                                    {
                                        "Document": "Model v1.7",
                                        "Item": "--PTCD",
                                        "Section": "2.2.2",
                                        "Cited_Guidance": "MedDRA Preferred Term code."
                                    }
                                ],
                                "Rule_Identifier": {
                                    "Id": "CG0049",
                                    "Version": "1"
                                }
                            }
                        ]
                    },
                    {
                        "Name": "SDTMIG",
                        "Version": "3.2",
                        "References": [
                            {
                                "Origin": "SDTM and SDTMIG Conformance Rules",
                                "Version": "2.0",
                                "Citations": [
                                    {
                                        "Document": "Model v1.4",
                                        "Item": "--DECOD",
                                        "Section": "2.2.2",
                                        "Cited_Guidance": "Dictionary or sponsor-defined derived text description of the topic variable, --TERM, or the modified topic variable (--MODIFY), if applicable. Equivalent to the Preferred Term (PT in MedDRA)."
                                    },
                                    {
                                        "Document": "Model v1.4",
                                        "Item": "--PTCD",
                                        "Section": "2.2.2",
                                        "Cited_Guidance": "MedDRA Preferred Term code."
                                    }
                                ],
                                "Rule_Identifier": {
                                    "Id": "CG0049",
                                    "Version": "1"
                                }
                            }
                        ]
                    }
                ]
            }
        ],
        "Scope": {
            "Classes": {
                "Include": [
                    "EVENTS"
                ]
            },
            "Domains": {
                "Include": [
                    "ALL"
                ]
            }
        },
        "Rule_Type": "Record Data"
    },
    "_rid": "+4oQAKOYNXwfjAAAAAAAAA==",
    "_self": "dbs/+4oQAA==/colls/+4oQAKOYNXw=/docs/+4oQAKOYNXwfjAAAAAAAAA==/",
    "_etag": "\"e90278ce-0000-0700-0000-6439bb640000\"",
    "_attachments": "attachments/",
    "_ts": 1681505124
}