{
    "id": "142b8777-7b82-4fc1-b263-1b2fdbf633c4",
    "created": "2023-04-12T14:24:47Z",
    "changed": "2023-04-14T20:34:05Z",
    "creator": {
        "id": "dd0f9aa3-68f9-4825-84a4-86c8303daaff"
    },
    "json": {
        "Authorities": [
            {
                "Organization": "CDISC",
                "Standards": [
                    {
                        "Name": "SDTMIG",
                        "Version": "3.2",
                        "References": [
                            {
                                "Origin": "SDTM and SDTMIG Conformance Rules",
                                "Version": "2.0",
                                "Citations": [
                                    {
                                        "Document": "IG v3.2",
                                        "Item": "Assumption 3d",
                                        "Section": "6.2",
                                        "Cited_Guidance": "d. When DSCAT='PROTOCOL MILESTONE', DSTERM and DSDECOD will contain the same value drawn from the sponsor's controlled terminology."
                                    }
                                ],
                                "Rule_Identifier": {
                                    "Id": "CG0066",
                                    "Version": "1"
                                }
                            }
                        ]
                    }
                ]
            }
        ],
        "Core": {
            "Id": "CDISC.SDTMIG.CG0066",
            "Version": "1",
            "Status": "Draft"
        },
        "Description": "",
        "Outcome": {
            "Message": ""
        },
        "Sensitivity": "Record",
        "Scope": {
            "Classes": {
                "Include": [
                    "EVENTS"
                ]
            },
            "Domains": {
                "Include": [
                    "DS"
                ]
            }
        },
        "Executability": "Partially Executable",
        "Check": {
            "all": []
        },
        "Rule_Type": "Record Data"
    },
    "content": "# Variable: DSDECOD\n# Condition: DSCAT = 'PROTOCOL MILESTONE'\n# Rule: DSTERM = DSDECOD\nAuthorities:\n  - Organization: CDISC\n    Standards:\n      - Name: SDTMIG\n        Version: '3.2'\n        References:\n          - Origin: SDTM and SDTMIG Conformance Rules\n            Version: '2.0'\n            Citations:\n              - Document: IG v3.2\n                Item: Assumption 3d\n                Section: '6.2'\n                Cited Guidance: d. When DSCAT='PROTOCOL MILESTONE', DSTERM and DSDECOD\n                  will contain the same value drawn from the sponsor's controlled\n                  terminology.\n            Rule Identifier:\n              Id: CG0066\n              Version: '1'\nCore:\n  Id: CDISC.SDTMIG.CG0066\n  Version: '1'\n  Status: Draft\nDescription: ''\nOutcome:\n  Message: ''\nSensitivity: Record\nScope:\n  Classes:\n    Include:\n      - EVENTS\n  Domains:\n    Include:\n      - DS\nExecutability: Partially Executable\nCheck:\n  all: []\nRule Type: Record Data\n",
    "_rid": "+4oQAKOYNXySiQAAAAAAAA==",
    "_self": "dbs/+4oQAA==/colls/+4oQAKOYNXw=/docs/+4oQAKOYNXySiQAAAAAAAA==/",
    "_etag": "\"e9029669-0000-0700-0000-6439b8be0000\"",
    "_attachments": "attachments/",
    "_ts": 1681504446
}