{
    "id": "ae44d163-acce-486b-bf5d-f191c726e37f",
    "changed": "2023-03-15T16:23:14.564Z",
    "content": "Check:\n  all:\n    - name: DVSTDTC\n      operator: date_less_than\n      value: RFICDTC\nMatch Datasets:\n  - Name: DM\n    Keys:\n      - USUBJID\nCore:\n  Id: CORE-000086\n  Version: '1'\n  Status: Published\nDescription: Raise an error when DVSTDTC is earlier than RFICDTC in DM.\nOutcome:\n  Message: DVSTDTC is earlier than RFICDTC in DM.\n  Output Variables:\n    - DVSTDTC\n    - RFICDTC\nRule Type: Record Data\nSensitivity: Record\nExecutability: Fully Executable\nAuthorities:\n  - Organization: CDISC\n    Standards:\n      - Name: SDTMIG\n        Version: '3.4'\n        References:\n          - Origin: SDTM and SDTMIG Conformance Rules\n            Rule Identifier:\n              Id: CG0075\n              Version: '1'\n            Version: '2.0'\n            Citations:\n              - Cited Guidance: The intent of the domain model is to capture protocol deviations\n                  that occurred during the course of the study (see ICH E3\n                  Section 10.2 at\n                  http://www.ich.org/fileadmin/Public_Web_Site/ICH_Products/Guidelines/Efficacy/E3/E3_Guideline.pdf).\n                  Usually these are deviations that occur after the subject has\n                  been randomized or received the first treatment.\n                Document: IG v3.4\n                Item: Assumption 1\n                Section: 6.2.7\n      - Name: SDTMIG\n        Version: '3.3'\n        References:\n          - Origin: SDTM and SDTMIG Conformance Rules\n            Rule Identifier:\n              Id: CG0075\n              Version: '1'\n            Version: '2.0'\n            Citations:\n              - Cited Guidance: The intent of the domain model is to capture protocol deviations\n                  that occurred during the course of the study (see ICH E3\n                  Section 10.2 at\n                  http://www.ich.org/fileadmin/Public_Web_Site/ICH_Products/Guidelines/Efficacy/E3/E3_Guideline.pdf).\n                  Usually these are deviations that occur after the subject has\n                  been randomized or received the first treatment.\n                Document: IG v3.3\n                Item: Assumption 1\n                Section: 6.2.4\n      - Name: SDTMIG\n        Version: '3.2'\n        References:\n          - Origin: SDTM and SDTMIG Conformance Rules\n            Rule Identifier:\n              Id: CG0075\n              Version: '1'\n            Version: '2.0'\n            Citations:\n              - Cited Guidance: The intent of the domain is to capture protocol violations and\n                  deviations during the course of the study and will store only\n                  those criteria violation by or deviated from by the subject\n                  and not a response to each violation or deviation.\n                Document: IG v3.2\n                Item: ''\n                Section: '6.2'\nScope:\n  Classes:\n    Include:\n      - EVENTS\n  Domains:\n    Include:\n      - DV\n",
    "created": "2021-10-05T19:10:24Z",
    "creator": {
        "id": "ae6dbbf3-4c9a-4149-b596-8183766167d4"
    },
    "json": {
        "Check": {
            "all": [
                {
                    "name": "DVSTDTC",
                    "operator": "date_less_than",
                    "value": "RFICDTC"
                }
            ]
        },
        "Core": {
            "Id": "CORE-000086",
            "Version": "1",
            "Status": "Published"
        },
        "Description": "Raise an error when DVSTDTC is earlier than RFICDTC in DM.",
        "Outcome": {
            "Message": "DVSTDTC is earlier than RFICDTC in DM.",
            "Output_Variables": [
                "DVSTDTC",
                "RFICDTC"
            ]
        },
        "Sensitivity": "Record",
        "Executability": "Fully Executable",
        "Authorities": [
            {
                "Organization": "CDISC",
                "Standards": [
                    {
                        "Name": "SDTMIG",
                        "Version": "3.4",
                        "References": [
                            {
                                "Origin": "SDTM and SDTMIG Conformance Rules",
                                "Version": "2.0",
                                "Citations": [
                                    {
                                        "Document": "IG v3.4",
                                        "Item": "Assumption 1",
                                        "Section": "6.2.7",
                                        "Cited_Guidance": "The intent of the domain model is to capture protocol deviations that occurred during the course of the study (see ICH E3 Section 10.2 at http://www.ich.org/fileadmin/Public_Web_Site/ICH_Products/Guidelines/Efficacy/E3/E3_Guideline.pdf). Usually these are deviations that occur after the subject has been randomized or received the first treatment."
                                    }
                                ],
                                "Rule_Identifier": {
                                    "Id": "CG0075",
                                    "Version": "1"
                                }
                            }
                        ]
                    },
                    {
                        "Name": "SDTMIG",
                        "Version": "3.3",
                        "References": [
                            {
                                "Origin": "SDTM and SDTMIG Conformance Rules",
                                "Version": "2.0",
                                "Citations": [
                                    {
                                        "Document": "IG v3.3",
                                        "Item": "Assumption 1",
                                        "Section": "6.2.4",
                                        "Cited_Guidance": "The intent of the domain model is to capture protocol deviations that occurred during the course of the study (see ICH E3 Section 10.2 at http://www.ich.org/fileadmin/Public_Web_Site/ICH_Products/Guidelines/Efficacy/E3/E3_Guideline.pdf). Usually these are deviations that occur after the subject has been randomized or received the first treatment."
                                    }
                                ],
                                "Rule_Identifier": {
                                    "Id": "CG0075",
                                    "Version": "1"
                                }
                            }
                        ]
                    },
                    {
                        "Name": "SDTMIG",
                        "Version": "3.2",
                        "References": [
                            {
                                "Origin": "SDTM and SDTMIG Conformance Rules",
                                "Version": "2.0",
                                "Citations": [
                                    {
                                        "Document": "IG v3.2",
                                        "Item": "",
                                        "Section": "6.2",
                                        "Cited_Guidance": "The intent of the domain is to capture protocol violations and deviations during the course of the study and will store only those criteria violation by or deviated from by the subject and not a response to each violation or deviation."
                                    }
                                ],
                                "Rule_Identifier": {
                                    "Id": "CG0075",
                                    "Version": "1"
                                }
                            }
                        ]
                    }
                ]
            }
        ],
        "Scope": {
            "Classes": {
                "Include": [
                    "EVENTS"
                ]
            },
            "Domains": {
                "Include": [
                    "DV"
                ]
            }
        },
        "Match_Datasets": [
            {
                "Name": "DM",
                "Keys": [
                    "USUBJID"
                ]
            }
        ],
        "Rule_Type": "Record Data"
    },
    "_rid": "+4oQAKOYNXzGigAAAAAAAA==",
    "_self": "dbs/+4oQAA==/colls/+4oQAKOYNXw=/docs/+4oQAKOYNXzGigAAAAAAAA==/",
    "_etag": "\"e90267a8-0000-0700-0000-6439ba6e0000\"",
    "_attachments": "attachments/",
    "_ts": 1681504878
}