{
    "id": "98aae1ea-f80f-430f-9f22-abaf21c6f62e",
    "changed": "2023-03-23T21:11:29.375Z",
    "content": "Check:\n  all:\n    - name: --BODSYS\n      operator: non_empty\n    - name: --BDSYCD\n      operator: empty\nCore:\n  Id: CORE-000024\n  Version: '1'\n  Status: Published\nDescription: Raise an error if --BODSYS is not empty, --BDSYCD is empty\nOutcome:\n  Message: --BODSYS is not empty and --BDSYCD is empty\nRule Type: Record Data\nSensitivity: Record\nExecutability: Fully Executable\nAuthorities:\n  - Organization: CDISC\n    Standards:\n      - Name: SDTMIG\n        Version: '3.4'\n        References:\n          - Origin: SDTM and SDTMIG Conformance Rules\n            Rule Identifier:\n              Id: CG0082\n              Version: '2'\n            Version: '2.0'\n            Citations:\n              - Cited Guidance: Events[--BODSYSCD][Variable Qualifier of BODSYS]\n                Document: Model v2.0\n                Item: --BODSYS\n                Section: Events\n      - Name: SDTMIG\n        Version: '3.3'\n        References:\n          - Origin: SDTM and SDTMIG Conformance Rules\n            Rule Identifier:\n              Id: CG0082\n              Version: '2'\n            Version: '2.0'\n            Citations:\n              - Cited Guidance: Variable Qualifier of --BODSYS\n                Document: Model v1.7\n                Section: 2.2.2\n      - Name: SDTMIG\n        Version: '3.2'\n        References:\n          - Origin: SDTM and SDTMIG Conformance Rules\n            Rule Identifier:\n              Id: CG0082\n              Version: '2'\n            Version: '2.0'\n            Citations:\n              - Cited Guidance: Variable Qualifier of --BODSYS\n                Document: Model v1.4\n                Section: Events\nScope:\n  Classes:\n    Include:\n      - EVENTS\n  Domains:\n    Include:\n      - ALL\n",
    "created": "2021-09-29T17:00:09Z",
    "creator": {
        "id": "974960b0-eff4-4322-b188-3e73c20b47d0"
    },
    "json": {
        "Check": {
            "all": [
                {
                    "name": "--BODSYS",
                    "operator": "non_empty"
                },
                {
                    "name": "--BDSYCD",
                    "operator": "empty"
                }
            ]
        },
        "Core": {
            "Id": "CORE-000024",
            "Version": "1",
            "Status": "Published"
        },
        "Description": "Raise an error if --BODSYS is not empty, --BDSYCD is empty",
        "Outcome": {
            "Message": "--BODSYS is not empty and --BDSYCD is empty"
        },
        "Sensitivity": "Record",
        "Executability": "Fully Executable",
        "Authorities": [
            {
                "Organization": "CDISC",
                "Standards": [
                    {
                        "Name": "SDTMIG",
                        "Version": "3.4",
                        "References": [
                            {
                                "Origin": "SDTM and SDTMIG Conformance Rules",
                                "Version": "2.0",
                                "Citations": [
                                    {
                                        "Document": "Model v2.0",
                                        "Item": "--BODSYS",
                                        "Section": "Events",
                                        "Cited_Guidance": "Events[--BODSYSCD][Variable Qualifier of BODSYS]"
                                    }
                                ],
                                "Rule_Identifier": {
                                    "Id": "CG0082",
                                    "Version": "2"
                                }
                            }
                        ]
                    },
                    {
                        "Name": "SDTMIG",
                        "Version": "3.3",
                        "References": [
                            {
                                "Origin": "SDTM and SDTMIG Conformance Rules",
                                "Version": "2.0",
                                "Citations": [
                                    {
                                        "Document": "Model v1.7",
                                        "Section": "2.2.2",
                                        "Cited_Guidance": "Variable Qualifier of --BODSYS"
                                    }
                                ],
                                "Rule_Identifier": {
                                    "Id": "CG0082",
                                    "Version": "2"
                                }
                            }
                        ]
                    },
                    {
                        "Name": "SDTMIG",
                        "Version": "3.2",
                        "References": [
                            {
                                "Origin": "SDTM and SDTMIG Conformance Rules",
                                "Version": "2.0",
                                "Citations": [
                                    {
                                        "Document": "Model v1.4",
                                        "Section": "Events",
                                        "Cited_Guidance": "Variable Qualifier of --BODSYS"
                                    }
                                ],
                                "Rule_Identifier": {
                                    "Id": "CG0082",
                                    "Version": "2"
                                }
                            }
                        ]
                    }
                ]
            }
        ],
        "Scope": {
            "Classes": {
                "Include": [
                    "EVENTS"
                ]
            },
            "Domains": {
                "Include": [
                    "ALL"
                ]
            }
        },
        "Rule_Type": "Record Data"
    },
    "_rid": "+4oQAKOYNXxEigAAAAAAAA==",
    "_self": "dbs/+4oQAA==/colls/+4oQAKOYNXw=/docs/+4oQAKOYNXxEigAAAAAAAA==/",
    "_etag": "\"e902de9e-0000-0700-0000-6439ba210000\"",
    "_attachments": "attachments/",
    "_ts": 1681504801
}