{
    "id": "96a3315b-0ff8-4b73-976c-ba433831ab25",
    "changed": "2023-03-28T13:02:15.845Z",
    "content": "Check:\n  all:\n    - name: --BODSYS\n      operator: not_equal_to\n      value: --SOC\nCore:\n  Id: CORE-000264\n  Version: '1'\n  Status: Published\nDescription: Raise an error if primary SOC is used for analysis and -BODSYS is\n  not equal to -SOC\nOutcome:\n  Message: Primary analysis used but --BODSYS and --SOC are not equal\n  Output Variables:\n    - --TERM\n    - --BODSYS\n    - --SOC\nRule Type: Record Data\nSensitivity: Record\nExecutability: Fully Executable\nAuthorities:\n  - Organization: CDISC\n    Standards:\n      - Name: SDTMIG\n        Version: '3.4'\n        References:\n          - Origin: SDTM and SDTMIG Conformance Rules\n            Rule Identifier:\n              Id: CG0039\n              Version: '1'\n            Version: '2.0'\n            Citations:\n              - Cited Guidance: Dictionary derived. Body system or organ class used by the\n                  sponsor from the coding dictionary (e.g., MedDRA). When using\n                  a multi-axial dictionary such as MedDRA, this should contain\n                  the SOC used for the sponsor's analyses and summary tables\n                  which may not necessarily be the primary SOC.\n                Document: SDTMIG v3.4\n                Item: Specification\n                Section: 6.2.1\n              - Cited Guidance: Body system or system organ class assigned for analysis from a\n                  standard hierarchy (e.g. MedDRA) associated with an event.\n                Document: Model v2.0\n                Item: --BODSYS\n                Section: Events\n      - Name: SDTMIG\n        Version: '3.3'\n        References:\n          - Origin: SDTM and SDTMIG Conformance Rules\n            Rule Identifier:\n              Id: CG0039\n              Version: '1'\n            Version: '2.0'\n            Citations:\n              - Cited Guidance: Dictionary derived. Body system or organ class used by the\n                  sponsor from the coding dictionary (e.g., MedDRA). When using\n                  a multi-axial dictionary such as MedDRA, this should contain\n                  the SOC used for the sponsor's analyses and summary tables\n                  which may not necessarily be the primary SOC.\n                Document: SDTMIG v3.3\n                Item: Specification\n                Section: 6.2.1\n              - Cited Guidance: Body system or system organ class assigned for analysis from a\n                  standard hierarchy (e.g. MedDRA) associated with an event.\n                Document: Model v1.7\n                Item: Table 2.2.2.1 --BODSYS\n                Section: 2.2.2\n      - Name: SDTMIG\n        Version: '3.2'\n        References:\n          - Origin: SDTM and SDTMIG Conformance Rules\n            Rule Identifier:\n              Id: CG0039\n              Version: '1'\n            Version: '2.0'\n            Citations:\n              - Cited Guidance: Dictionary derived. Body system or organ class used by the\n                  sponsor from the coding dictionary (e.g., MedDRA). When using\n                  a multi-axial dictionary such as MedDRA, this should contain\n                  the SOC used for the sponsor's analyses and summary tables\n                  which may not necessarily be the primary SOC.\n                Document: SDTMIG v3.3\n                Item: Specification\n                Section: 6.2 AE\n              - Cited Guidance: Body system or system organ class assigned for analysis from a\n                  standard hierarchy (e. g. MedDRA) associated with an event.\n                Document: Model v1.4\n                Item: Table 2.2.2.1 --BODSYS\n                Section: 2.2.2\nScope:\n  Classes:\n    Include:\n      - EVENTS\n  Domains:\n    Exclude:\n      - DS\n      - DV\n      - HO\n",
    "created": "2021-10-07T14:22:16Z",
    "creator": {
        "id": "1c66dcb2-42dc-4edc-a938-0267a0dc6cac"
    },
    "json": {
        "Check": {
            "all": [
                {
                    "name": "--BODSYS",
                    "operator": "not_equal_to",
                    "value": "--SOC"
                }
            ]
        },
        "Core": {
            "Id": "CORE-000264",
            "Version": "1",
            "Status": "Published"
        },
        "Description": "Raise an error if primary SOC is used for analysis and -BODSYS is not equal to -SOC",
        "Outcome": {
            "Message": "Primary analysis used but --BODSYS and --SOC are not equal",
            "Output_Variables": [
                "--TERM",
                "--BODSYS",
                "--SOC"
            ]
        },
        "Sensitivity": "Record",
        "Executability": "Fully Executable",
        "Authorities": [
            {
                "Organization": "CDISC",
                "Standards": [
                    {
                        "Name": "SDTMIG",
                        "Version": "3.4",
                        "References": [
                            {
                                "Origin": "SDTM and SDTMIG Conformance Rules",
                                "Version": "2.0",
                                "Citations": [
                                    {
                                        "Document": "SDTMIG v3.4",
                                        "Item": "Specification",
                                        "Section": "6.2.1",
                                        "Cited_Guidance": "Dictionary derived. Body system or organ class used by the sponsor from the coding dictionary (e.g., MedDRA). When using a multi-axial dictionary such as MedDRA, this should contain the SOC used for the sponsor's analyses and summary tables which may not necessarily be the primary SOC."
                                    },
                                    {
                                        "Document": "Model v2.0",
                                        "Item": "--BODSYS",
                                        "Section": "Events",
                                        "Cited_Guidance": "Body system or system organ class assigned for analysis from a standard hierarchy (e.g. MedDRA) associated with an event."
                                    }
                                ],
                                "Rule_Identifier": {
                                    "Id": "CG0039",
                                    "Version": "1"
                                }
                            }
                        ]
                    },
                    {
                        "Name": "SDTMIG",
                        "Version": "3.3",
                        "References": [
                            {
                                "Origin": "SDTM and SDTMIG Conformance Rules",
                                "Version": "2.0",
                                "Citations": [
                                    {
                                        "Document": "SDTMIG v3.3",
                                        "Item": "Specification",
                                        "Section": "6.2.1",
                                        "Cited_Guidance": "Dictionary derived. Body system or organ class used by the sponsor from the coding dictionary (e.g., MedDRA). When using a multi-axial dictionary such as MedDRA, this should contain the SOC used for the sponsor's analyses and summary tables which may not necessarily be the primary SOC."
                                    },
                                    {
                                        "Document": "Model v1.7",
                                        "Item": "Table 2.2.2.1 --BODSYS",
                                        "Section": "2.2.2",
                                        "Cited_Guidance": "Body system or system organ class assigned for analysis from a standard hierarchy (e.g. MedDRA) associated with an event."
                                    }
                                ],
                                "Rule_Identifier": {
                                    "Id": "CG0039",
                                    "Version": "1"
                                }
                            }
                        ]
                    },
                    {
                        "Name": "SDTMIG",
                        "Version": "3.2",
                        "References": [
                            {
                                "Origin": "SDTM and SDTMIG Conformance Rules",
                                "Version": "2.0",
                                "Citations": [
                                    {
                                        "Document": "SDTMIG v3.3",
                                        "Item": "Specification",
                                        "Section": "6.2 AE",
                                        "Cited_Guidance": "Dictionary derived. Body system or organ class used by the sponsor from the coding dictionary (e.g., MedDRA). When using a multi-axial dictionary such as MedDRA, this should contain the SOC used for the sponsor's analyses and summary tables which may not necessarily be the primary SOC."
                                    },
                                    {
                                        "Document": "Model v1.4",
                                        "Item": "Table 2.2.2.1 --BODSYS",
                                        "Section": "2.2.2",
                                        "Cited_Guidance": "Body system or system organ class assigned for analysis from a standard hierarchy (e. g. MedDRA) associated with an event."
                                    }
                                ],
                                "Rule_Identifier": {
                                    "Id": "CG0039",
                                    "Version": "1"
                                }
                            }
                        ]
                    }
                ]
            }
        ],
        "Scope": {
            "Classes": {
                "Include": [
                    "EVENTS"
                ]
            },
            "Domains": {
                "Exclude": [
                    "DS",
                    "DV",
                    "HO"
                ]
            }
        },
        "Rule_Type": "Record Data"
    },
    "_rid": "+4oQAKOYNXwEiwAAAAAAAA==",
    "_self": "dbs/+4oQAA==/colls/+4oQAKOYNXw=/docs/+4oQAKOYNXwEiwAAAAAAAA==/",
    "_etag": "\"e90229ae-0000-0700-0000-6439ba9a0000\"",
    "_attachments": "attachments/",
    "_ts": 1681504922
}