{
    "id": "937bad1a-b5d0-4f5b-b30a-f5e696e68240",
    "changed": "2022-03-02T06:25:29Z",
    "content": "Check:\n  all:\n    - all:\n        - name: AESCAN\n          operator: not_equal_to\n          value: Y\n        - name: AESCONG\n          operator: not_equal_to\n          value: Y\n        - name: AESDISAB\n          operator: not_equal_to\n          value: Y\n        - name: AESDTH\n          operator: not_equal_to\n          value: Y\n        - name: AESHOSP\n          operator: not_equal_to\n          value: Y\n        - name: AESLIFE\n          operator: not_equal_to\n          value: Y\n        - name: AESOD\n          operator: not_equal_to\n          value: Y\n        - name: AESMIE\n          operator: not_equal_to\n          value: Y\n    - name: AESER\n      operator: not_equal_to\n      value: N\nCore:\n  Id: TEST.CG0042\n  Version: '1'\n  Status: Draft\nDescription: Select record where AESCAN and AESCONG and AESDISAB and AESDTH and AESHOSP\n  and AESLIFE and AESOD and AESMIE ^= \"Y\" However, AESER ^= \"N\"\nOutcome:\n  Message: If AESER = \"N\" then none of the seriousness criteria (AESCAN, AESCONG,\n    AESDISAB, AESDTH, AESHOSP, AESLIFE, AESOD, AESMIE) could be equal to \"Y\".\n  Output Variables:\n    - AESER\n    - AESCAN\n    - AESCONG\n    - AESDISAB\n    - AESDTH\n    - AESHOSP\n    - AESLIFE\n    - AESOD\n    - AESMIE\nRule Type: Record Data\nSensitivity: Record\nAuthorities:\n  - Organization: CDISC\n    Standards:\n      - Name: SDTMIG\n        Version: '3.4'\n        References:\n          - Origin: SDTM and SDTMIG Conformance Rules\n            Rule Identifier:\n              Id: CG0042\n              Version: '1'\n            Version: '2.0'\n            Citations:\n              - Cited Guidance: \"If categories of serious events are collected secondarily\\\n                  \\ to a leading question, as in the example below,  the values of\\\n                  \\ the variables that capture reasons an event is considered serious\\\n                  \\ (i.e., AESCAN, AESCONG, etc.) may be null.  For example, if Serious\\\n                  \\ = \\\"No\\\", the values for these variables may be null. However,\\\n                  \\ if Serious = \\\"Yes\\\", at least one of them will have a \\\"Y\\\" response.\\n\\\n                  \\n\\n    \"\n                Document: IG v3.4\n                Item: Assumption 6a\n                Section: 6.2.1\nScope:\n  Classes:\n    Include:\n      - EVENTS\n  Domains:\n    Include:\n      - AE\n",
    "created": "2022-03-02T06:25:21Z",
    "creator": {
        "id": "ff3f6fbb-6aa3-4353-9941-60f9da14b0e4"
    },
    "json": {
        "Check": {
            "all": [
                {
                    "all": [
                        {
                            "name": "AESCAN",
                            "operator": "not_equal_to",
                            "value": "Y"
                        },
                        {
                            "name": "AESCONG",
                            "operator": "not_equal_to",
                            "value": "Y"
                        },
                        {
                            "name": "AESDISAB",
                            "operator": "not_equal_to",
                            "value": "Y"
                        },
                        {
                            "name": "AESDTH",
                            "operator": "not_equal_to",
                            "value": "Y"
                        },
                        {
                            "name": "AESHOSP",
                            "operator": "not_equal_to",
                            "value": "Y"
                        },
                        {
                            "name": "AESLIFE",
                            "operator": "not_equal_to",
                            "value": "Y"
                        },
                        {
                            "name": "AESOD",
                            "operator": "not_equal_to",
                            "value": "Y"
                        },
                        {
                            "name": "AESMIE",
                            "operator": "not_equal_to",
                            "value": "Y"
                        }
                    ]
                },
                {
                    "name": "AESER",
                    "operator": "not_equal_to",
                    "value": "N"
                }
            ]
        },
        "Core": {
            "Id": "TEST.CG0042",
            "Version": "1",
            "Status": "Draft"
        },
        "Description": "Select record where AESCAN and AESCONG and AESDISAB and AESDTH and AESHOSP and AESLIFE and AESOD and AESMIE ^= \"Y\" However, AESER ^= \"N\"",
        "Outcome": {
            "Message": "If AESER = \"N\" then none of the seriousness criteria (AESCAN, AESCONG, AESDISAB, AESDTH, AESHOSP, AESLIFE, AESOD, AESMIE) could be equal to \"Y\".",
            "Output_Variables": [
                "AESER",
                "AESCAN",
                "AESCONG",
                "AESDISAB",
                "AESDTH",
                "AESHOSP",
                "AESLIFE",
                "AESOD",
                "AESMIE"
            ]
        },
        "Rule_Type": "Record Data",
        "Sensitivity": "Record",
        "Authorities": [
            {
                "Organization": "CDISC",
                "Standards": [
                    {
                        "Name": "SDTMIG",
                        "Version": "3.4",
                        "References": [
                            {
                                "Origin": "SDTM and SDTMIG Conformance Rules",
                                "Rule_Identifier": {
                                    "Id": "CG0042",
                                    "Version": "1"
                                },
                                "Version": "2.0",
                                "Citations": [
                                    {
                                        "Cited_Guidance": "If categories of serious events are collected secondarily to a leading question, as in the example below,  the values of the variables that capture reasons an event is considered serious (i.e., AESCAN, AESCONG, etc.) may be null.  For example, if Serious = \"No\", the values for these variables may be null. However, if Serious = \"Yes\", at least one of them will have a \"Y\" response.\n\n\n    ",
                                        "Document": "IG v3.4",
                                        "Item": "Assumption 6a",
                                        "Section": "6.2.1"
                                    }
                                ]
                            }
                        ]
                    }
                ]
            }
        ],
        "Scope": {
            "Classes": {
                "Include": [
                    "EVENTS"
                ]
            },
            "Domains": {
                "Include": [
                    "AE"
                ]
            }
        }
    },
    "_rid": "+4oQAKOYNXyxiwAAAAAAAA==",
    "_self": "dbs/+4oQAA==/colls/+4oQAKOYNXw=/docs/+4oQAKOYNXyxiwAAAAAAAA==/",
    "_etag": "\"e9023ac0-0000-0700-0000-6439bb150000\"",
    "_attachments": "attachments/",
    "_ts": 1681505045
}