{
    "id": "30c33dff-65d9-4bbd-9279-ccb69aa5e213",
    "created": "2023-04-12T14:24:46Z",
    "changed": "2023-04-14T20:34:03Z",
    "creator": {
        "id": "dd0f9aa3-68f9-4825-84a4-86c8303daaff"
    },
    "json": {
        "Authorities": [
            {
                "Organization": "CDISC",
                "Standards": [
                    {
                        "Name": "SDTMIG",
                        "Version": "3.2",
                        "References": [
                            {
                                "Origin": "SDTM and SDTMIG Conformance Rules",
                                "Version": "2.0",
                                "Citations": [
                                    {
                                        "Document": "IG v3.2",
                                        "Item": "DS Assumption 3.C:",
                                        "Section": "6.2",
                                        "Cited_Guidance": "A sponsor may collect one disposition event for the trial as a whole, or they may collect disposition for each Epoch of the trial. When disposition is collected for each Epoch, the variable EPOCH should be included in the DS dataset. When EPOCH is populated for disposition events (records with DSCAT = DISPOSITION EVENT), EPOCH is the name of the Epoch for the disposition event described in the record. This is a subtly different meaning from that of EPOCH when it is used in other general-observation-class domains, where EPOCH, as a Timing variable, is the name of the Epoch during which --STDTC or --DTC falls. The values of EPOCH are drawn from the Trial Arms domain, Section 7.2 - Experimental Design: Trial Arms (TA)"
                                    }
                                ],
                                "Rule_Identifier": {
                                    "Id": "CG0063",
                                    "Version": "1"
                                }
                            }
                        ]
                    }
                ]
            }
        ],
        "Core": {
            "Id": "CDISC.SDTMIG.CG0063",
            "Version": "1",
            "Status": "Draft"
        },
        "Description": "",
        "Outcome": {
            "Message": ""
        },
        "Sensitivity": "Record",
        "Scope": {
            "Classes": {
                "Include": [
                    "EVENTS"
                ]
            },
            "Domains": {
                "Include": [
                    "DS"
                ]
            }
        },
        "Executability": "Partially Executable",
        "Check": {
            "all": []
        },
        "Rule_Type": "Record Data"
    },
    "content": "# Variable: EPOCH\n# Condition: Multiple events per subject where DSCAT = 'DISPOSITION EVENT'\n# Rule: EPOCH ^= null\nAuthorities:\n  - Organization: CDISC\n    Standards:\n      - Name: SDTMIG\n        Version: '3.2'\n        References:\n          - Origin: SDTM and SDTMIG Conformance Rules\n            Version: '2.0'\n            Citations:\n              - Document: IG v3.2\n                Item: 'DS Assumption 3.C:'\n                Section: '6.2'\n                Cited Guidance: 'A sponsor may collect one disposition event for the\n                  trial as a whole, or they may collect disposition for each Epoch\n                  of the trial. When disposition is collected for each Epoch, the\n                  variable EPOCH should be included in the DS dataset. When EPOCH\n                  is populated for disposition events (records with DSCAT = DISPOSITION\n                  EVENT), EPOCH is the name of the Epoch for the disposition event\n                  described in the record. This is a subtly different meaning from\n                  that of EPOCH when it is used in other general-observation-class\n                  domains, where EPOCH, as a Timing variable, is the name of the Epoch\n                  during which --STDTC or --DTC falls. The values of EPOCH are drawn\n                  from the Trial Arms domain, Section 7.2 - Experimental Design: Trial\n                  Arms (TA)'\n            Rule Identifier:\n              Id: CG0063\n              Version: '1'\nCore:\n  Id: CDISC.SDTMIG.CG0063\n  Version: '1'\n  Status: Draft\nDescription: ''\nOutcome:\n  Message: ''\nSensitivity: Record\nScope:\n  Classes:\n    Include:\n      - EVENTS\n  Domains:\n    Include:\n      - DS\nExecutability: Partially Executable\nCheck:\n  all: []\nRule Type: Record Data\n",
    "_rid": "+4oQAKOYNXyQiQAAAAAAAA==",
    "_self": "dbs/+4oQAA==/colls/+4oQAKOYNXw=/docs/+4oQAKOYNXyQiQAAAAAAAA==/",
    "_etag": "\"e9023469-0000-0700-0000-6439b8bc0000\"",
    "_attachments": "attachments/",
    "_ts": 1681504444
}