{
    "id": "f51a1b7c-fcea-4b7d-bf5c-d2175b2cc8f7",
    "created": "2023-04-12T14:24:04Z",
    "changed": "2023-04-14T20:33:21Z",
    "creator": {
        "id": "dd0f9aa3-68f9-4825-84a4-86c8303daaff"
    },
    "json": {
        "Authorities": [
            {
                "Organization": "CDISC",
                "Standards": [
                    {
                        "Name": "SDTMIG",
                        "Version": "3.2",
                        "References": [
                            {
                                "Origin": "SDTM and SDTMIG Conformance Rules",
                                "Version": "2.0",
                                "Citations": [
                                    {
                                        "Document": "IG v3.2",
                                        "Section": "4.1.1.5",
                                        "Cited_Guidance": "Required variables must always be included in the dataset and cannot be null for any record."
                                    }
                                ],
                                "Rule_Identifier": {
                                    "Id": "CG0014",
                                    "Version": "1"
                                }
                            }
                        ]
                    },
                    {
                        "Name": "SDTMIG",
                        "Version": "3.3",
                        "References": [
                            {
                                "Origin": "SDTM and SDTMIG Conformance Rules",
                                "Version": "2.0",
                                "Citations": [
                                    {
                                        "Document": "IG v3.3",
                                        "Section": "4.1.5",
                                        "Cited_Guidance": "Required variables must always be included in the dataset and cannot be null for any record."
                                    }
                                ],
                                "Rule_Identifier": {
                                    "Id": "CG0014",
                                    "Version": "1"
                                }
                            }
                        ]
                    },
                    {
                        "Name": "SDTMIG",
                        "Version": "3.4",
                        "References": [
                            {
                                "Origin": "SDTM and SDTMIG Conformance Rules",
                                "Version": "2.0",
                                "Citations": [
                                    {
                                        "Document": "IG v3.4",
                                        "Section": "4.1.5",
                                        "Cited_Guidance": "Required variables must always be included in the dataset and cannot be null for any record."
                                    }
                                ],
                                "Rule_Identifier": {
                                    "Id": "CG0014",
                                    "Version": "1"
                                }
                            }
                        ]
                    }
                ]
            }
        ],
        "Core": {
            "Id": "CDISC.SDTMIG.CG0014",
            "Version": "1",
            "Status": "Draft"
        },
        "Description": "",
        "Outcome": {
            "Message": ""
        },
        "Sensitivity": "Record",
        "Scope": {
            "Classes": {
                "Include": [
                    "ALL"
                ]
            },
            "Domains": {
                "Include": [
                    "ALL"
                ]
            }
        },
        "Executability": "Partially Executable",
        "Check": {
            "all": []
        },
        "Rule_Type": "Record Data"
    },
    "content": "# Variable: GEN\n# Condition: Variable Core Status = Required\n# Rule: Variable present in dataset and ^= null\nAuthorities:\n  - Organization: CDISC\n    Standards:\n      - Name: SDTMIG\n        Version: '3.2'\n        References:\n          - Origin: SDTM and SDTMIG Conformance Rules\n            Version: '2.0'\n            Citations:\n              - Document: IG v3.2\n                Section: 4.1.1.5\n                Cited Guidance: Required variables must always be included in the\n                  dataset and cannot be null for any record.\n            Rule Identifier:\n              Id: CG0014\n              Version: '1'\n      - Name: SDTMIG\n        Version: '3.3'\n        References:\n          - Origin: SDTM and SDTMIG Conformance Rules\n            Version: '2.0'\n            Citations:\n              - Document: IG v3.3\n                Section: 4.1.5\n                Cited Guidance: Required variables must always be included in the\n                  dataset and cannot be null for any record.\n            Rule Identifier:\n              Id: CG0014\n              Version: '1'\n      - Name: SDTMIG\n        Version: '3.4'\n        References:\n          - Origin: SDTM and SDTMIG Conformance Rules\n            Version: '2.0'\n            Citations:\n              - Document: IG v3.4\n                Section: 4.1.5\n                Cited Guidance: Required variables must always be included in the\n                  dataset and cannot be null for any record.\n            Rule Identifier:\n              Id: CG0014\n              Version: '1'\nCore:\n  Id: CDISC.SDTMIG.CG0014\n  Version: '1'\n  Status: Draft\nDescription: ''\nOutcome:\n  Message: ''\nSensitivity: Record\nScope:\n  Classes:\n    Include:\n      - ALL\n  Domains:\n    Include:\n      - ALL\nExecutability: Partially Executable\nCheck:\n  all: []\nRule Type: Record Data\n",
    "_rid": "+4oQAKOYNXxpiQAAAAAAAA==",
    "_self": "dbs/+4oQAA==/colls/+4oQAKOYNXw=/docs/+4oQAKOYNXxpiQAAAAAAAA==/",
    "_etag": "\"e9020862-0000-0700-0000-6439b8920000\"",
    "_attachments": "attachments/",
    "_ts": 1681504402
}