{
    "id": "46af32e5-2fe4-463a-a3f3-5eb606727a07",
    "changed": "2023-03-08T20:36:08.728Z",
    "content": "Check:\n  all:\n    - name: --SOCCD\n      operator: not_equal_to\n      value: --BDSYCD\nCore:\n  Id: CDISC.SDTMIG.CG0037\n  Version: '1'\n  Status: Draft\nDescription: Raise an error when primary SOC is used for analysis and SOC Code is\n  not equal to Body System Code\nOutcome:\n  Message: Primary analysis was used but --SOCCD and --BDSYCD are not equal\n  Output Variables:\n    - --TERM\n    - --BDSYCD\n    - --SOCCD\nRule Type: Record Data\nSensitivity: Record\nExecutability: Fully Executable\nAuthorities:\n  - Organization: CDISC\n    Standards:\n      - Name: SDTMIG\n        Version: '3.4'\n        References:\n          - Origin: SDTM and SDTMIG Conformance Rules\n            Rule Identifier:\n              Id: CG0037\n              Version: '1'\n            Version: '2.0'\n            Citations:\n              - Cited Guidance: Dictionary derived. Code for the body system or organ\n                  class used by the sponsor. When using a multi-axial dictionary such\n                  as MedDRA, this should contain the SOC used for the sponsor's analyses\n                  and summary tables, which may not necessarily be the primary SOC.\n                Document: SDTMIG v3.4\n                Item: Specification\n                Section: Events\n              - Cited Guidance: MedDRA System Organ Class code corresponding to --BODSYS\n                  assigned for analysis.\n                Document: Model v2.0\n                Item: --BDSYCD\n                Section: Events\n      - Name: SDTMIG\n        Version: '3.3'\n        References:\n          - Origin: SDTM and SDTMIG Conformance Rules\n            Rule Identifier:\n              Id: CG0037\n              Version: '1'\n            Version: '2.0'\n            Citations:\n              - Cited Guidance: Dictionary derived. Code for body system or organ class used by \n                  the sponsor from the coding dictionary (e.g., MedDRA). When using a multi-axial \n                  dictionary such as MedDRA, this should contain the SOC used for the sponsor's \n                  analyses and summary tables which may not necessarily be the primary SOC.\n                Document: SDTMIG v3.3\n                Item: Specification\n                Section: 6.2.1\n              - Cited Guidance: MedDRA System Organ Class code corresponding to --BODSYS assigned for analysis\n                Document: Model v1.7\n                Item: Table 2.2.2.1 -BDSYCD\n                Section: 2.2.2\n      - Name: SDTMIG\n        Version: '3.2'\n        References:\n          - Origin: SDTM and SDTMIG Conformance Rules\n            Rule Identifier:\n              Id: CG0037\n              Version: '1'\n            Version: '2.0'\n            Citations:\n              - Cited Guidance: Dictionary derived. Code for body system or organ class used by \n                  the sponsor from the coding dictionary (e.g., MedDRA). When using a multi-axial \n                  dictionary such as MedDRA, this should contain the SOC used for the sponsor's \n                  analyses and summary tables which may not necessarily be the primary SOC.\n                Document: SDTMIG v3.3\n                Item: Specification\n                Section: 6.2. AE\n              - Cited Guidance: MedDRA System Organ Class code corresponding to --BODSYS assigned for analysis\n                Document: Model v1.4\n                Item: Table 2.2.2.1 -BDSYCD\n                Section: 2.2.2             \nScope:\n  Classes:\n    Include:\n      - EVENTS\n  Domains:\n    Exclude:\n      - DS\n      - DV\n      - HO\n",
    "created": "2021-10-07T13:58:57Z",
    "creator": {
        "id": "1c66dcb2-42dc-4edc-a938-0267a0dc6cac"
    },
    "json": {
        "Check": {
            "all": [
                {
                    "name": "--SOCCD",
                    "operator": "not_equal_to",
                    "value": "--BDSYCD"
                }
            ]
        },
        "Core": {
            "Id": "CDISC.SDTMIG.CG0037",
            "Version": "1",
            "Status": "Draft"
        },
        "Description": "Raise an error when primary SOC is used for analysis and SOC Code is not equal to Body System Code",
        "Outcome": {
            "Message": "Primary analysis was used but --SOCCD and --BDSYCD are not equal",
            "Output_Variables": [
                "--TERM",
                "--BDSYCD",
                "--SOCCD"
            ]
        },
        "Sensitivity": "Record",
        "Executability": "Fully Executable",
        "Authorities": [
            {
                "Organization": "CDISC",
                "Standards": [
                    {
                        "Name": "SDTMIG",
                        "Version": "3.4",
                        "References": [
                            {
                                "Origin": "SDTM and SDTMIG Conformance Rules",
                                "Version": "2.0",
                                "Citations": [
                                    {
                                        "Document": "SDTMIG v3.4",
                                        "Item": "Specification",
                                        "Section": "Events",
                                        "Cited_Guidance": "Dictionary derived. Code for the body system or organ class used by the sponsor. When using a multi-axial dictionary such as MedDRA, this should contain the SOC used for the sponsor's analyses and summary tables, which may not necessarily be the primary SOC."
                                    },
                                    {
                                        "Document": "Model v2.0",
                                        "Item": "--BDSYCD",
                                        "Section": "Events",
                                        "Cited_Guidance": "MedDRA System Organ Class code corresponding to --BODSYS assigned for analysis."
                                    }
                                ],
                                "Rule_Identifier": {
                                    "Id": "CG0037",
                                    "Version": "1"
                                }
                            }
                        ]
                    },
                    {
                        "Name": "SDTMIG",
                        "Version": "3.3",
                        "References": [
                            {
                                "Origin": "SDTM and SDTMIG Conformance Rules",
                                "Version": "2.0",
                                "Citations": [
                                    {
                                        "Document": "SDTMIG v3.3",
                                        "Item": "Specification",
                                        "Section": "6.2.1",
                                        "Cited_Guidance": "Dictionary derived. Code for body system or organ class used by the sponsor from the coding dictionary (e.g., MedDRA). When using a multi-axial dictionary such as MedDRA, this should contain the SOC used for the sponsor's analyses and summary tables which may not necessarily be the primary SOC."
                                    },
                                    {
                                        "Document": "Model v1.7",
                                        "Item": "Table 2.2.2.1 -BDSYCD",
                                        "Section": "2.2.2",
                                        "Cited_Guidance": "MedDRA System Organ Class code corresponding to --BODSYS assigned for analysis"
                                    }
                                ],
                                "Rule_Identifier": {
                                    "Id": "CG0037",
                                    "Version": "1"
                                }
                            }
                        ]
                    },
                    {
                        "Name": "SDTMIG",
                        "Version": "3.2",
                        "References": [
                            {
                                "Origin": "SDTM and SDTMIG Conformance Rules",
                                "Version": "2.0",
                                "Citations": [
                                    {
                                        "Document": "SDTMIG v3.3",
                                        "Item": "Specification",
                                        "Section": "6.2. AE",
                                        "Cited_Guidance": "Dictionary derived. Code for body system or organ class used by the sponsor from the coding dictionary (e.g., MedDRA). When using a multi-axial dictionary such as MedDRA, this should contain the SOC used for the sponsor's analyses and summary tables which may not necessarily be the primary SOC."
                                    },
                                    {
                                        "Document": "Model v1.4",
                                        "Item": "Table 2.2.2.1 -BDSYCD",
                                        "Section": "2.2.2",
                                        "Cited_Guidance": "MedDRA System Organ Class code corresponding to --BODSYS assigned for analysis"
                                    }
                                ],
                                "Rule_Identifier": {
                                    "Id": "CG0037",
                                    "Version": "1"
                                }
                            }
                        ]
                    }
                ]
            }
        ],
        "Scope": {
            "Classes": {
                "Include": [
                    "EVENTS"
                ]
            },
            "Domains": {
                "Exclude": [
                    "DS",
                    "DV",
                    "HO"
                ]
            }
        },
        "Rule_Type": "Record Data"
    },
    "_rid": "+4oQAKOYNXwCiwAAAAAAAA==",
    "_self": "dbs/+4oQAA==/colls/+4oQAKOYNXw=/docs/+4oQAKOYNXwCiwAAAAAAAA==/",
    "_etag": "\"e902f4ad-0000-0700-0000-6439ba990000\"",
    "_attachments": "attachments/",
    "_ts": 1681504921
}