{
    "id": "7f8251c5-f576-419a-93c4-0e79b5eae190",
    "created": "2023-04-12T14:24:04Z",
    "changed": "2023-04-14T20:33:22Z",
    "creator": {
        "id": "dd0f9aa3-68f9-4825-84a4-86c8303daaff"
    },
    "json": {
        "Authorities": [
            {
                "Organization": "CDISC",
                "Standards": [
                    {
                        "Name": "SDTMIG",
                        "Version": "3.2",
                        "References": [
                            {
                                "Origin": "SDTM and SDTMIG Conformance Rules",
                                "Version": "2.0",
                                "Citations": [
                                    {
                                        "Document": "IG v3.2",
                                        "Section": "4.1.1.5",
                                        "Cited_Guidance": "The sponsor does not have the discretion to exclude permissible variables when they contain data."
                                    }
                                ],
                                "Rule_Identifier": {
                                    "Id": "CG0015",
                                    "Version": "1"
                                }
                            }
                        ]
                    },
                    {
                        "Name": "SDTMIG",
                        "Version": "3.3",
                        "References": [
                            {
                                "Origin": "SDTM and SDTMIG Conformance Rules",
                                "Version": "2.0",
                                "Citations": [
                                    {
                                        "Document": "IG v3.3",
                                        "Section": "4.1.5",
                                        "Cited_Guidance": "The sponsor does not have the discretion to exclude permissible variables when they contain data."
                                    }
                                ],
                                "Rule_Identifier": {
                                    "Id": "CG0015",
                                    "Version": "1"
                                }
                            }
                        ]
                    },
                    {
                        "Name": "SDTMIG",
                        "Version": "3.4",
                        "References": [
                            {
                                "Origin": "SDTM and SDTMIG Conformance Rules",
                                "Version": "2.0",
                                "Citations": [
                                    {
                                        "Document": "IG v3.4",
                                        "Section": "4.1.5",
                                        "Cited_Guidance": "If a study\u00a0includes a data item that would be\u00a0represented in a Permissible variable, then that\u00a0variable\u00a0must be included in the SDTM dataset, even if null. "
                                    }
                                ],
                                "Rule_Identifier": {
                                    "Id": "CG0015",
                                    "Version": "1"
                                }
                            }
                        ]
                    }
                ]
            }
        ],
        "Core": {
            "Id": "CDISC.SDTMIG.CG0015",
            "Version": "1",
            "Status": "Draft"
        },
        "Description": "",
        "Outcome": {
            "Message": ""
        },
        "Sensitivity": "Record",
        "Scope": {
            "Classes": {
                "Include": [
                    "ALL"
                ]
            },
            "Domains": {
                "Include": [
                    "ALL"
                ]
            }
        },
        "Executability": "Partially Executable",
        "Check": {
            "all": []
        },
        "Rule_Type": "Record Data"
    },
    "content": "# Variable: GEN\n# Condition: Variable Core Status = Permissible and data is collected\n# Rule: Variable present in dataset and ^= null\nAuthorities:\n  - Organization: CDISC\n    Standards:\n      - Name: SDTMIG\n        Version: '3.2'\n        References:\n          - Origin: SDTM and SDTMIG Conformance Rules\n            Version: '2.0'\n            Citations:\n              - Document: IG v3.2\n                Section: 4.1.1.5\n                Cited Guidance: The sponsor does not have the discretion to exclude\n                  permissible variables when they contain data.\n            Rule Identifier:\n              Id: CG0015\n              Version: '1'\n      - Name: SDTMIG\n        Version: '3.3'\n        References:\n          - Origin: SDTM and SDTMIG Conformance Rules\n            Version: '2.0'\n            Citations:\n              - Document: IG v3.3\n                Section: 4.1.5\n                Cited Guidance: The sponsor does not have the discretion to exclude\n                  permissible variables when they contain data.\n            Rule Identifier:\n              Id: CG0015\n              Version: '1'\n      - Name: SDTMIG\n        Version: '3.4'\n        References:\n          - Origin: SDTM and SDTMIG Conformance Rules\n            Version: '2.0'\n            Citations:\n              - Document: IG v3.4\n                Section: 4.1.5\n                Cited Guidance: 'If a study\u00a0includes a data item that would be\u00a0represented\n                  in a Permissible variable, then that\u00a0variable\u00a0must be included in\n                  the SDTM dataset, even if null. '\n            Rule Identifier:\n              Id: CG0015\n              Version: '1'\nCore:\n  Id: CDISC.SDTMIG.CG0015\n  Version: '1'\n  Status: Draft\nDescription: ''\nOutcome:\n  Message: ''\nSensitivity: Record\nScope:\n  Classes:\n    Include:\n      - ALL\n  Domains:\n    Include:\n      - ALL\nExecutability: Partially Executable\nCheck:\n  all: []\nRule Type: Record Data\n",
    "_rid": "+4oQAKOYNXxqiQAAAAAAAA==",
    "_self": "dbs/+4oQAA==/colls/+4oQAKOYNXw=/docs/+4oQAKOYNXxqiQAAAAAAAA==/",
    "_etag": "\"e9022f62-0000-0700-0000-6439b8930000\"",
    "_attachments": "attachments/",
    "_ts": 1681504403
}