{
    "id": "ac0a1ce0-507b-48f7-b279-4d8e87e42a18",
    "changed": "2022-12-02T13:05:36.750Z",
    "content": "Check:\n  all:\n    - name: VISIT\n      operator: non_empty\n    - name: SVPRESP\n      operator: equal_to\n      value: Y\n    - name: VISIT\n      operator: is_not_contained_by\n      value: $tv_visit\nMatch Datasets:\n  - Name: SV\n    Keys:\n      - USUBJID\n      - VISIT\nCore:\n  Id: CDISC.SDTMIG.CG0031\n  Version: '1'\n  Status: Draft\nDescription: Verify when VISIT is not null in any given domain and VISIT is planned\n  (SVPRESP = 'Y'), then VISIT should be among TV.VISIT.\nOperations:\n  - domain: TV\n    id: $tv_visit\n    name: VISIT\n    operator: distinct\nOutcome:\n  Message: For a planned visit (SVPRESP = 'Y'), non-missing VISIT value must be among\n    those present in TV.VISIT.\n  Output Variables:\n    - VISIT\n    - VISITNUM\nRule Type: Record Data\nSensitivity: Value\nAuthorities:\n  - Organization: CDISC\n    Standards:\n      - Name: SDTMIG\n        Version: '3.4'\n        References:\n          - Origin: SDTM and SDTMIG Conformance Rules\n            Rule Identifier:\n              Id: CG0031\n              Version: '1'\n            Version: '2.0'\n            Citations:\n              - Cited Guidance: For planned visits, values of VISIT, VISITNUM, and\n                  VISITDY must be those  defined in the Trial Visits (TV) dataset\n                  (Section 7.3.1, Trial Visits).\n                Document: IG v3.4\n                Item: ''\n                Section: 4.4.5\n      - Name: SDTMIG\n        Version: '3.3'\n        References:\n          - Origin: SDTM and SDTMIG Conformance Rules\n            Rule Identifier:\n              Id: CG0031\n              Version: '1'\n            Version: '2.0'\n            Citations:\n              - Cited Guidance: For planned visits, values of VISIT, VISITNUM, and\n                  VISITDY must be those defined in    the Trial Visits dataset,\n                Document: IG v3.3\n                Item: ''\n                Section: 4.4.5\n      - Name: SDTMIG\n        Version: '3.2'\n        References:\n          - Origin: SDTM and SDTMIG Conformance Rules\n            Rule Identifier:\n              Id: CG0031\n              Version: '1'\n            Version: '2.0'\n            Citations:\n              - Cited Guidance: For planned visits, values of VISIT, VISITNUM, and\n                  VISITDY must be those defined in the Trial Visits dataset,\n                Document: IG v3.2\n                Item: ''\n                Section: 4.1.4.5\nScope:\n  Classes:\n    Include:\n      - ALL\n  Domains:\n    Exclude:\n      - TV\n",
    "created": "2021-11-09T16:18:17Z",
    "creator": {
        "id": "57474fac-237e-4693-bb37-7826b02737da"
    },
    "json": {
        "Check": {
            "all": [
                {
                    "name": "VISIT",
                    "operator": "non_empty"
                },
                {
                    "name": "SVPRESP",
                    "operator": "equal_to",
                    "value": "Y"
                },
                {
                    "name": "VISIT",
                    "operator": "is_not_contained_by",
                    "value": "$tv_visit"
                }
            ]
        },
        "Match_Datasets": [
            {
                "Name": "SV",
                "Keys": [
                    "USUBJID",
                    "VISIT"
                ]
            }
        ],
        "Core": {
            "Id": "CDISC.SDTMIG.CG0031",
            "Version": "1",
            "Status": "Draft"
        },
        "Description": "Verify when VISIT is not null in any given domain and VISIT is planned (SVPRESP = 'Y'), then VISIT should be among TV.VISIT.",
        "Operations": [
            {
                "domain": "TV",
                "id": "$tv_visit",
                "name": "VISIT",
                "operator": "distinct"
            }
        ],
        "Outcome": {
            "Message": "For a planned visit (SVPRESP = 'Y'), non-missing VISIT value must be among those present in TV.VISIT.",
            "Output_Variables": [
                "VISIT",
                "VISITNUM"
            ]
        },
        "Rule_Type": "Record Data",
        "Sensitivity": "Value",
        "Authorities": [
            {
                "Organization": "CDISC",
                "Standards": [
                    {
                        "Name": "SDTMIG",
                        "Version": "3.4",
                        "References": [
                            {
                                "Origin": "SDTM and SDTMIG Conformance Rules",
                                "Rule_Identifier": {
                                    "Id": "CG0031",
                                    "Version": "1"
                                },
                                "Version": "2.0",
                                "Citations": [
                                    {
                                        "Cited_Guidance": "For planned visits, values of VISIT, VISITNUM, and VISITDY must be those  defined in the Trial Visits (TV) dataset (Section 7.3.1, Trial Visits).",
                                        "Document": "IG v3.4",
                                        "Item": "",
                                        "Section": "4.4.5"
                                    }
                                ]
                            }
                        ]
                    },
                    {
                        "Name": "SDTMIG",
                        "Version": "3.3",
                        "References": [
                            {
                                "Origin": "SDTM and SDTMIG Conformance Rules",
                                "Rule_Identifier": {
                                    "Id": "CG0031",
                                    "Version": "1"
                                },
                                "Version": "2.0",
                                "Citations": [
                                    {
                                        "Cited_Guidance": "For planned visits, values of VISIT, VISITNUM, and VISITDY must be those defined in    the Trial Visits dataset,",
                                        "Document": "IG v3.3",
                                        "Item": "",
                                        "Section": "4.4.5"
                                    }
                                ]
                            }
                        ]
                    },
                    {
                        "Name": "SDTMIG",
                        "Version": "3.2",
                        "References": [
                            {
                                "Origin": "SDTM and SDTMIG Conformance Rules",
                                "Rule_Identifier": {
                                    "Id": "CG0031",
                                    "Version": "1"
                                },
                                "Version": "2.0",
                                "Citations": [
                                    {
                                        "Cited_Guidance": "For planned visits, values of VISIT, VISITNUM, and VISITDY must be those defined in the Trial Visits dataset,",
                                        "Document": "IG v3.2",
                                        "Item": "",
                                        "Section": "4.1.4.5"
                                    }
                                ]
                            }
                        ]
                    }
                ]
            }
        ],
        "Scope": {
            "Classes": {
                "Include": [
                    "ALL"
                ]
            },
            "Domains": {
                "Exclude": [
                    "TV"
                ]
            }
        }
    },
    "_rid": "+4oQAKOYNXx7jAAAAAAAAA==",
    "_self": "dbs/+4oQAA==/colls/+4oQAKOYNXw=/docs/+4oQAKOYNXx7jAAAAAAAAA==/",
    "_etag": "\"e902e0d8-0000-0700-0000-6439bba50000\"",
    "_attachments": "attachments/",
    "_ts": 1681505189
}