{
    "id": "062da4b3-0c48-4ed3-a97b-c1e92d7bcf95",
    "changed": "2023-03-28T15:32:09.537Z",
    "content": "Check:\n  all:\n    - name: --LNKGRP\n      operator: value_does_not_have_multiple_references\n      value: $VALUE_COUNTS\n    - name: --LNKGRP\n      operator: non_empty\nCore:\n  Id: CDISC.SDTMIG.CG0022\n  Version: '1'\n  Status: Draft\nDescription: Verify that when --LNKGRP is present in one domain it is also present\n  in another domain.\nOperations:\n  - id: $VALUE_COUNTS\n    name: --LNKGRP\n    operator: variable_value_count\nOutcome:\n  Message: --LNKGRP variable is not found in any of the other domains.\n  Output Variables:\n    - --LNKGRP\nRule Type: Record Data\nSensitivity: Dataset\nExecutability: Fully Executable\nAuthorities:\n  - Organization: CDISC\n    Standards:\n      - Name: SDTMIG\n        Version: '3.4'\n        References:\n          - Origin: SDTM and SDTMIG Conformance Rules\n            Rule Identifier:\n              Id: CG0022\n              Version: '1'\n            Version: '2.0'\n            Citations:\n              - Cited Guidance: --LNKGRP is a grouping identifier used to identify\n                  a group of records in one domain that is related to a record in\n                  another domain, often forming a many-to-one relationship.\n                Document: SDTMIG v3.4\n                Item: 2.E.2\n                Section: 4.2.6\n      - Name: SDTMIG\n        Version: '3.3'\n        References:\n          - Origin: SDTM and SDTMIG Conformance Rules\n            Rule Identifier:\n              Id: CG0022\n              Version: '1'\n            Version: '2.0'\n            Citations:\n              - Cited Guidance: --LNKGRP is a grouping identifier used to identify \n                  a group of records in one domain that is related to a record in another domain, often forming a     \n                  many-to-one relationship.\n                Document: SDTMIG v3.3\n                Item: 2.E.2\n                Section: 4.2.6\n      - Name: SDTMIG\n        Version: '3.2'\n        References:\n          - Origin: SDTM and SDTMIG Conformance Rules\n            Rule Identifier:\n              Id: CG0022\n              Version: '1'\n            Version: '2.0'\n            Citations:\n              - Cited Guidance: Identifier used to link related, grouped records across domains.\n                Document: SDTMIG v3.3\n                Item: Specification\n                Section: 6.1.\nScope:\n  Classes:\n    Include:\n      - ALL\n  Domains:\n    Include:\n      - ALL\n",
    "created": "2022-06-07T11:32:15Z",
    "creator": {
        "id": "24709aaa-3e57-4ee4-a635-6006b165bb1b"
    },
    "json": {
        "Check": {
            "all": [
                {
                    "name": "--LNKGRP",
                    "operator": "value_does_not_have_multiple_references",
                    "value": "$VALUE_COUNTS"
                },
                {
                    "name": "--LNKGRP",
                    "operator": "non_empty"
                }
            ]
        },
        "Core": {
            "Id": "CDISC.SDTMIG.CG0022",
            "Version": "1",
            "Status": "Draft"
        },
        "Description": "Verify that when --LNKGRP is present in one domain it is also present in another domain.",
        "Operations": [
            {
                "id": "$VALUE_COUNTS",
                "name": "--LNKGRP",
                "operator": "variable_value_count"
            }
        ],
        "Outcome": {
            "Message": "--LNKGRP variable is not found in any of the other domains.",
            "Output_Variables": [
                "--LNKGRP"
            ]
        },
        "Sensitivity": "Dataset",
        "Executability": "Fully Executable",
        "Authorities": [
            {
                "Organization": "CDISC",
                "Standards": [
                    {
                        "Name": "SDTMIG",
                        "Version": "3.4",
                        "References": [
                            {
                                "Origin": "SDTM and SDTMIG Conformance Rules",
                                "Version": "2.0",
                                "Citations": [
                                    {
                                        "Document": "SDTMIG v3.4",
                                        "Item": "2.E.2",
                                        "Section": "4.2.6",
                                        "Cited_Guidance": "--LNKGRP is a grouping identifier used to identify a group of records in one domain that is related to a record in another domain, often forming a many-to-one relationship."
                                    }
                                ],
                                "Rule_Identifier": {
                                    "Id": "CG0022",
                                    "Version": "1"
                                }
                            }
                        ]
                    },
                    {
                        "Name": "SDTMIG",
                        "Version": "3.3",
                        "References": [
                            {
                                "Origin": "SDTM and SDTMIG Conformance Rules",
                                "Version": "2.0",
                                "Citations": [
                                    {
                                        "Document": "SDTMIG v3.3",
                                        "Item": "2.E.2",
                                        "Section": "4.2.6",
                                        "Cited_Guidance": "--LNKGRP is a grouping identifier used to identify a group of records in one domain that is related to a record in another domain, often forming a many-to-one relationship."
                                    }
                                ],
                                "Rule_Identifier": {
                                    "Id": "CG0022",
                                    "Version": "1"
                                }
                            }
                        ]
                    },
                    {
                        "Name": "SDTMIG",
                        "Version": "3.2",
                        "References": [
                            {
                                "Origin": "SDTM and SDTMIG Conformance Rules",
                                "Version": "2.0",
                                "Citations": [
                                    {
                                        "Document": "SDTMIG v3.3",
                                        "Item": "Specification",
                                        "Section": "6.1.",
                                        "Cited_Guidance": "Identifier used to link related, grouped records across domains."
                                    }
                                ],
                                "Rule_Identifier": {
                                    "Id": "CG0022",
                                    "Version": "1"
                                }
                            }
                        ]
                    }
                ]
            }
        ],
        "Scope": {
            "Classes": {
                "Include": [
                    "ALL"
                ]
            },
            "Domains": {
                "Include": [
                    "ALL"
                ]
            }
        },
        "Rule_Type": "Record Data"
    },
    "_rid": "+4oQAKOYNXzwjAAAAAAAAA==",
    "_self": "dbs/+4oQAA==/colls/+4oQAKOYNXw=/docs/+4oQAKOYNXzwjAAAAAAAAA==/",
    "_etag": "\"e902c7e4-0000-0700-0000-6439bbf70000\"",
    "_attachments": "attachments/",
    "_ts": 1681505271
}