{
    "id": "c059ce60-3c62-4cf9-8466-7ad370142be4",
    "changed": "2022-07-31T09:51:19Z",
    "content": "Check:\n  all:\n    - name: $EXVAMTU_EXISTS\n      operator: equal_to\n      value: true\n    - name: EC\n      operator: exists\nOperations:\n  - domain: EX\n    id: $EXVAMTU_EXISTS\n    name: EXVAMTU\n    operator: variable_exists\nCore:\n  Id: CDISC.SDTMIG.CG0107\n  Version: '1'\n  Status: Draft\nDescription: When EC exists, EXVAMTU should not be used.\nOutcome:\n  Message: EXVAMTU is present when EC domain exists.\nRule Type: Record Data\nSensitivity: Dataset\nAuthorities:\n  - Organization: CDISC\n    Standards:\n      - Name: SDTMIG\n        Version: '3.4'\n        References:\n          - Origin: SDTM and SDTMIG Conformance Rules\n            Rule Identifier:\n              Id: CG0107\n              Version: '1'\n            Version: '2.0'\n            Citations:\n              - Cited Guidance: \"\\\"When the EC domain is implemented in conjunction\\\n                  \\ with the EX domain, EXVAMT and EXVAMTU should not be used in EX;\\n\\\n                  \\ collected values instead would be represented in ECDOSE and ECDOSU.\\\"\"\n                Document: IG v3.4\n                Item: Assumption 6c\n                Section: 6.1.3.1\nScope:\n  Classes:\n    Include:\n      - INTERVENTIONS\n  Domains:\n    Include:\n      - EX\n",
    "created": "2021-10-06T16:35:50Z",
    "creator": {
        "id": "d0881041-369e-4940-b721-5b456d12101b"
    },
    "json": {
        "Check": {
            "all": [
                {
                    "name": "$EXVAMTU_EXISTS",
                    "operator": "equal_to",
                    "value": true
                },
                {
                    "name": "EC",
                    "operator": "exists"
                }
            ]
        },
        "Operations": [
            {
                "domain": "EX",
                "id": "$EXVAMTU_EXISTS",
                "name": "EXVAMTU",
                "operator": "variable_exists"
            }
        ],
        "Core": {
            "Id": "CDISC.SDTMIG.CG0107",
            "Version": "1",
            "Status": "Draft"
        },
        "Description": "When EC exists, EXVAMTU should not be used.",
        "Outcome": {
            "Message": "EXVAMTU is present when EC domain exists."
        },
        "Rule_Type": "Record Data",
        "Sensitivity": "Dataset",
        "Authorities": [
            {
                "Organization": "CDISC",
                "Standards": [
                    {
                        "Name": "SDTMIG",
                        "Version": "3.4",
                        "References": [
                            {
                                "Origin": "SDTM and SDTMIG Conformance Rules",
                                "Rule_Identifier": {
                                    "Id": "CG0107",
                                    "Version": "1"
                                },
                                "Version": "2.0",
                                "Citations": [
                                    {
                                        "Cited_Guidance": "\"When the EC domain is implemented in conjunction with the EX domain, EXVAMT and EXVAMTU should not be used in EX;\n collected values instead would be represented in ECDOSE and ECDOSU.\"",
                                        "Document": "IG v3.4",
                                        "Item": "Assumption 6c",
                                        "Section": "6.1.3.1"
                                    }
                                ]
                            }
                        ]
                    }
                ]
            }
        ],
        "Scope": {
            "Classes": {
                "Include": [
                    "INTERVENTIONS"
                ]
            },
            "Domains": {
                "Include": [
                    "EX"
                ]
            }
        }
    },
    "_rid": "+4oQAKOYNXzRigAAAAAAAA==",
    "_self": "dbs/+4oQAA==/colls/+4oQAKOYNXw=/docs/+4oQAKOYNXzRigAAAAAAAA==/",
    "_etag": "\"e90257a9-0000-0700-0000-6439ba760000\"",
    "_attachments": "attachments/",
    "_ts": 1681504886
}