{
    "id": "47c571cd-0dd9-4867-8983-249caa95754c",
    "created": "2023-04-12T14:25:49Z",
    "changed": "2023-04-14T20:35:17Z",
    "creator": {
        "id": "dd0f9aa3-68f9-4825-84a4-86c8303daaff"
    },
    "json": {
        "Authorities": [
            {
                "Organization": "CDISC",
                "Standards": [
                    {
                        "Name": "SDTMIG",
                        "Version": "3.2",
                        "References": [
                            {
                                "Origin": "SDTM and SDTMIG Conformance Rules",
                                "Version": "2.0",
                                "Citations": [
                                    {
                                        "Document": "IG v3.2",
                                        "Item": "IG v3.2[5][Specification: RFENDTC]|IG v3.2[5][Specification: ACTARM]|IG v3.2[5][Assumption 10]",
                                        "Section": "IG v3.2[5]",
                                        "Cited_Guidance": "IG v3.2[5][Specification: RFENDTC][Required for all randomized subjects; null for screen failures or unassigned subjects.]|IG v3.2[5][Specification: ACTARM][Randomized subjects who were not treated will be given a value of \u201cNot Treated\u201d. Values should be \u201cScreen Failure\u201d for screen failures and \u201cNot Assigned\u201d for subjects not assigned to treatment.]|IG v3.2[5][Assumption 10][This definition applies for most interventional studies, when the start of treatment is the natural and preferred starting point for study day variables and thus the logical value for RFSTDTC. In such studies, when data are submitted for subjects who are ineligible for treatment (e.g., screen failures with ARMCD=SCRNFAIL), subjects who were enrolled but not assigned to an arm (ARMCD=NOTASSGN), or subjects who were randomized but not treated (ACTARMCD=NOTTRT), RFSTDTC will be null.]"
                                    }
                                ],
                                "Rule_Identifier": {
                                    "Id": "CG0141",
                                    "Version": "1"
                                }
                            }
                        ]
                    }
                ]
            }
        ],
        "Core": {
            "Id": "CDISC.SDTMIG.CG0141",
            "Version": "1",
            "Status": "Draft"
        },
        "Description": "",
        "Outcome": {
            "Message": ""
        },
        "Sensitivity": "Record",
        "Scope": {
            "Classes": {
                "Include": [
                    "SPECIAL PURPOSE"
                ]
            },
            "Domains": {
                "Include": [
                    "DM"
                ]
            }
        },
        "Executability": "Partially Executable",
        "Check": {
            "all": []
        },
        "Rule_Type": "Record Data"
    },
    "content": "# Variable: RFENDTC\n# Condition: Milestone associated with RFENDTC is end of treatment and ACTARM in ('Screen Failure', 'Not Assigned', 'Not Treated')\n# Rule: RFENDTC = null\nAuthorities:\n  - Organization: CDISC\n    Standards:\n      - Name: SDTMIG\n        Version: '3.2'\n        References:\n          - Origin: SDTM and SDTMIG Conformance Rules\n            Version: '2.0'\n            Citations:\n              - Document: IG v3.2\n                Item: 'IG v3.2[5][Specification: RFENDTC]|IG v3.2[5][Specification:\n                  ACTARM]|IG v3.2[5][Assumption 10]'\n                Section: IG v3.2[5]\n                Cited Guidance: 'IG v3.2[5][Specification: RFENDTC][Required for all\n                  randomized subjects; null for screen failures or unassigned subjects.]|IG\n                  v3.2[5][Specification: ACTARM][Randomized subjects who were not\n                  treated will be given a value of \u201cNot Treated\u201d. Values should be\n                  \u201cScreen Failure\u201d for screen failures and \u201cNot Assigned\u201d for subjects\n                  not assigned to treatment.]|IG v3.2[5][Assumption 10][This definition\n                  applies for most interventional studies, when the start of treatment\n                  is the natural and preferred starting point for study day variables\n                  and thus the logical value for RFSTDTC. In such studies, when data\n                  are submitted for subjects who are ineligible for treatment (e.g.,\n                  screen failures with ARMCD=SCRNFAIL), subjects who were enrolled\n                  but not assigned to an arm (ARMCD=NOTASSGN), or subjects who were\n                  randomized but not treated (ACTARMCD=NOTTRT), RFSTDTC will be null.]'\n            Rule Identifier:\n              Id: CG0141\n              Version: '1'\nCore:\n  Id: CDISC.SDTMIG.CG0141\n  Version: '1'\n  Status: Draft\nDescription: ''\nOutcome:\n  Message: ''\nSensitivity: Record\nScope:\n  Classes:\n    Include:\n      - SPECIAL PURPOSE\n  Domains:\n    Include:\n      - DM\nExecutability: Partially Executable\nCheck:\n  all: []\nRule Type: Record Data\n",
    "_rid": "+4oQAKOYNXzViQAAAAAAAA==",
    "_self": "dbs/+4oQAA==/colls/+4oQAKOYNXw=/docs/+4oQAKOYNXzViQAAAAAAAA==/",
    "_etag": "\"e9020e75-0000-0700-0000-6439b9060000\"",
    "_attachments": "attachments/",
    "_ts": 1681504518
}