{
    "id": "5815598b-7f71-41be-ad4f-dd1dfd7287f2",
    "created": "2023-04-12T14:26:36Z",
    "changed": "2023-04-14T20:36:06Z",
    "creator": {
        "id": "dd0f9aa3-68f9-4825-84a4-86c8303daaff"
    },
    "json": {
        "Authorities": [
            {
                "Organization": "CDISC",
                "Standards": [
                    {
                        "Name": "SDTMIG",
                        "Version": "3.2",
                        "References": [
                            {
                                "Origin": "SDTM and SDTMIG Conformance Rules",
                                "Version": "2.0",
                                "Citations": [
                                    {
                                        "Document": "IG v3.2",
                                        "Item": "Assumption 3",
                                        "Section": "6.3",
                                        "Cited_Guidance": "3. MBTESTCD value for organisms present in a specimen is 'ORGANISM'."
                                    }
                                ],
                                "Rule_Identifier": {
                                    "Id": "CG0192",
                                    "Version": "1"
                                }
                            }
                        ]
                    }
                ]
            }
        ],
        "Core": {
            "Id": "CDISC.SDTMIG.CG0192",
            "Version": "1",
            "Status": "Draft"
        },
        "Description": "",
        "Outcome": {
            "Message": ""
        },
        "Sensitivity": "Record",
        "Scope": {
            "Classes": {
                "Include": [
                    "FINDINGS"
                ]
            },
            "Domains": {
                "Include": [
                    "MB"
                ]
            }
        },
        "Executability": "Partially Executable",
        "Check": {
            "all": []
        },
        "Rule_Type": "Record Data"
    },
    "content": "# Variable: MBTESTCD\n# Condition: Organisms present in the specimen\n# Rule: MBTESTCD = 'ORGANISM'\nAuthorities:\n  - Organization: CDISC\n    Standards:\n      - Name: SDTMIG\n        Version: '3.2'\n        References:\n          - Origin: SDTM and SDTMIG Conformance Rules\n            Version: '2.0'\n            Citations:\n              - Document: IG v3.2\n                Item: Assumption 3\n                Section: '6.3'\n                Cited Guidance: 3. MBTESTCD value for organisms present in a specimen\n                  is 'ORGANISM'.\n            Rule Identifier:\n              Id: CG0192\n              Version: '1'\nCore:\n  Id: CDISC.SDTMIG.CG0192\n  Version: '1'\n  Status: Draft\nDescription: ''\nOutcome:\n  Message: ''\nSensitivity: Record\nScope:\n  Classes:\n    Include:\n      - FINDINGS\n  Domains:\n    Include:\n      - MB\nExecutability: Partially Executable\nCheck:\n  all: []\nRule Type: Record Data\n",
    "_rid": "+4oQAKOYNXwFigAAAAAAAA==",
    "_self": "dbs/+4oQAA==/colls/+4oQAKOYNXw=/docs/+4oQAKOYNXwFigAAAAAAAA==/",
    "_etag": "\"e902eb7c-0000-0700-0000-6439b9370000\"",
    "_attachments": "attachments/",
    "_ts": 1681504567
}