{
    "id": "276e853b-c2ba-4949-978a-ffe7e441b37e",
    "created": "2023-04-12T14:25:39Z",
    "changed": "2023-04-14T20:35:04Z",
    "creator": {
        "id": "dd0f9aa3-68f9-4825-84a4-86c8303daaff"
    },
    "json": {
        "Authorities": [
            {
                "Organization": "CDISC",
                "Standards": [
                    {
                        "Name": "SDTMIG",
                        "Version": "3.2",
                        "References": [
                            {
                                "Origin": "SDTM and SDTMIG Conformance Rules",
                                "Version": "2.0",
                                "Citations": [
                                    {
                                        "Document": "IG v3.2",
                                        "Item": "Specification",
                                        "Section": "5",
                                        "Cited_Guidance": "Code of actual Arm. When an Arm is not planned (not in Trial Arms), ACTARMCD will be UNPLAN. Randomized subjects who were not treated will be given a value of NOTTRT. Values should be \"SCRNFAIL\" for screen failures and \"NOTASSGN\" for subjects not assigned to treatment. Restricted to values in Trial Arms in all other cases"
                                    }
                                ],
                                "Rule_Identifier": {
                                    "Id": "CG0125",
                                    "Version": "1"
                                }
                            }
                        ]
                    }
                ]
            }
        ],
        "Core": {
            "Id": "CDISC.SDTMIG.CG0125",
            "Version": "1",
            "Status": "Draft"
        },
        "Description": "",
        "Outcome": {
            "Message": ""
        },
        "Sensitivity": "Record",
        "Scope": {
            "Classes": {
                "Include": [
                    "SPECIAL PURPOSE"
                ]
            },
            "Domains": {
                "Include": [
                    "DM"
                ]
            }
        },
        "Executability": "Partially Executable",
        "Check": {
            "all": []
        },
        "Rule_Type": "Record Data"
    },
    "content": "# Variable: ACTARMCD\n# Condition: ACTARMCD not in ('SCRNFAIL', 'NOTASSGN', 'NOTTRT', 'UNPLAN')\n# Rule: ACTARMCD in TA.ARMCD\nAuthorities:\n  - Organization: CDISC\n    Standards:\n      - Name: SDTMIG\n        Version: '3.2'\n        References:\n          - Origin: SDTM and SDTMIG Conformance Rules\n            Version: '2.0'\n            Citations:\n              - Document: IG v3.2\n                Item: Specification\n                Section: '5'\n                Cited Guidance: Code of actual Arm. When an Arm is not planned (not\n                  in Trial Arms), ACTARMCD will be UNPLAN. Randomized subjects who\n                  were not treated will be given a value of NOTTRT. Values should\n                  be \"SCRNFAIL\" for screen failures and \"NOTASSGN\" for subjects not\n                  assigned to treatment. Restricted to values in Trial Arms in all\n                  other cases\n            Rule Identifier:\n              Id: CG0125\n              Version: '1'\nCore:\n  Id: CDISC.SDTMIG.CG0125\n  Version: '1'\n  Status: Draft\nDescription: ''\nOutcome:\n  Message: ''\nSensitivity: Record\nScope:\n  Classes:\n    Include:\n      - SPECIAL PURPOSE\n  Domains:\n    Include:\n      - DM\nExecutability: Partially Executable\nCheck:\n  all: []\nRule Type: Record Data\n",
    "_rid": "+4oQAKOYNXzIiQAAAAAAAA==",
    "_self": "dbs/+4oQAA==/colls/+4oQAKOYNXw=/docs/+4oQAKOYNXzIiQAAAAAAAA==/",
    "_etag": "\"e9024a73-0000-0700-0000-6439b8f90000\"",
    "_attachments": "attachments/",
    "_ts": 1681504505
}