{
    "id": "38d37727-ccfb-4d63-b1b5-307e68fe29ff",
    "changed": "2022-02-11T16:05:07Z",
    "content": "Core:\n  Status: Draft\n",
    "created": "2021-09-30T14:11:32Z",
    "creator": {
        "id": "e0ac6610-2897-41dd-94fe-328bbfcc50a4"
    },
    "json": {
        "Core": {
            "Status": "Draft"
        }
    },
    "_rid": "+4oQAKOYNXxUigAAAAAAAA==",
    "_self": "dbs/+4oQAA==/colls/+4oQAKOYNXw=/docs/+4oQAKOYNXxUigAAAAAAAA==/",
    "_etag": "\"e9026aa0-0000-0700-0000-6439ba2c0000\"",
    "_attachments": "attachments/",
    "_ts": 1681504812
}