{
    "id": "61f19fcf-b518-4bd7-b302-34669cb6be24",
    "changed": "2023-03-23T16:34:50.504Z",
    "content": "Check:\n  all:\n    - name: AEOUT\n      operator: equal_to\n      value: FATAL\n      value_is_literal: true\n    - name: DTHFL\n      operator: not_equal_to\n      value: Y\n      value_is_literal: true\nMatch Datasets:\n  - Name: AE\n    Keys:\n      - USUBJID\nCore:\n  Id: CORE-000254\n  Version: '1'\n  Status: Published\nDescription: When AE.AEOUT is 'FATAL', DTHFL must be 'Y'\nOutcome:\n  Message: DTHFL is not 'Y' when AE.AEOUT is 'FATAL'.\n  Output Variables:\n    - USUBJID\nRule Type: Record Data\nSensitivity: Record\nAuthorities:\n  - Organization: CDISC\n    Standards:\n      - Name: SDTMIG\n        Version: '3.4'\n        References:\n          - Origin: SDTM and SDTMIG Conformance Rules\n            Rule Identifier:\n              Id: CG0134\n              Version: '1'\n            Version: '2.0'\n            Citations:\n              - Cited Guidance: Indicates the subject died. Should be Y or null. Should\n                  be populated even when the death date is unknown.\n                Document: IG v3.4\n                Item: Specification\n                Section: '5.2'\nScope:\n  Classes:\n    Include:\n      - SPECIAL PURPOSE\n  Domains:\n    Include:\n      - DM\n",
    "created": "2022-06-29T12:51:58Z",
    "creator": {
        "id": "ff471ff8-f131-4cf5-9712-c79cce6301a1"
    },
    "json": {
        "Check": {
            "all": [
                {
                    "name": "AEOUT",
                    "operator": "equal_to",
                    "value": "FATAL",
                    "value_is_literal": true
                },
                {
                    "name": "DTHFL",
                    "operator": "not_equal_to",
                    "value": "Y",
                    "value_is_literal": true
                }
            ]
        },
        "Core": {
            "Id": "CORE-000254",
            "Version": "1",
            "Status": "Published"
        },
        "Description": "When AE.AEOUT is 'FATAL', DTHFL must be 'Y'",
        "Outcome": {
            "Message": "DTHFL is not 'Y' when AE.AEOUT is 'FATAL'.",
            "Output_Variables": [
                "USUBJID"
            ]
        },
        "Sensitivity": "Record",
        "Authorities": [
            {
                "Organization": "CDISC",
                "Standards": [
                    {
                        "Name": "SDTMIG",
                        "Version": "3.4",
                        "References": [
                            {
                                "Origin": "SDTM and SDTMIG Conformance Rules",
                                "Version": "2.0",
                                "Citations": [
                                    {
                                        "Document": "IG v3.4",
                                        "Item": "Specification",
                                        "Section": "5.2",
                                        "Cited_Guidance": "Indicates the subject died. Should be Y or null. Should be populated even when the death date is unknown."
                                    }
                                ],
                                "Rule_Identifier": {
                                    "Id": "CG0134",
                                    "Version": "1"
                                }
                            }
                        ]
                    }
                ]
            }
        ],
        "Scope": {
            "Classes": {
                "Include": [
                    "SPECIAL PURPOSE"
                ]
            },
            "Domains": {
                "Include": [
                    "DM"
                ]
            }
        },
        "Match_Datasets": [
            {
                "Name": "AE",
                "Keys": [
                    "USUBJID"
                ]
            }
        ],
        "Rule_Type": "Record Data"
    },
    "_rid": "+4oQAKOYNXz2jAAAAAAAAA==",
    "_self": "dbs/+4oQAA==/colls/+4oQAKOYNXw=/docs/+4oQAKOYNXz2jAAAAAAAAA==/",
    "_etag": "\"e90240e5-0000-0700-0000-6439bbfb0000\"",
    "_attachments": "attachments/",
    "_ts": 1681505275
}