{
    "id": "d3bf4ed0-760f-4ec9-b92e-820846775093",
    "created": "2023-04-12T14:25:48Z",
    "changed": "2023-04-14T20:35:15Z",
    "creator": {
        "id": "dd0f9aa3-68f9-4825-84a4-86c8303daaff"
    },
    "json": {
        "Authorities": [
            {
                "Organization": "CDISC",
                "Standards": [
                    {
                        "Name": "SDTMIG",
                        "Version": "3.2",
                        "References": [
                            {
                                "Origin": "SDTM and SDTMIG Conformance Rules",
                                "Version": "2.0",
                                "Citations": [
                                    {
                                        "Document": "IG v3.2",
                                        "Item": "Assumption 5",
                                        "Section": "5|Appendix C2",
                                        "Cited_Guidance": "When study population flags are included in SDTM, they are treated as Supplemental Qualifiers (see Section 8: 8.4, Relating Non-Standard Variables Values To A Parent Domain) to DM and placed in the SUPPDM dataset. Controlled terms for these subject-level population flags, (e.g., COMPLT, SAFETY, ITT and PPROT) are listed in Appendix C2 - Supplemental Qualifier Name Codes."
                                    }
                                ],
                                "Rule_Identifier": {
                                    "Id": "CG0138",
                                    "Version": "1"
                                }
                            }
                        ]
                    }
                ]
            }
        ],
        "Core": {
            "Id": "CDISC.SDTMIG.CG0138",
            "Version": "1",
            "Status": "Draft"
        },
        "Description": "",
        "Outcome": {
            "Message": ""
        },
        "Sensitivity": "Record",
        "Scope": {
            "Classes": {
                "Include": [
                    "SPECIAL PURPOSE"
                ]
            },
            "Domains": {
                "Include": [
                    "DM"
                ]
            }
        },
        "Executability": "Partially Executable",
        "Check": {
            "all": []
        },
        "Rule_Type": "Record Data"
    },
    "content": "# Variable: QNAM\n# Condition: Population flags included in submission\n# Rule: Population flags in SUPPDM\nAuthorities:\n  - Organization: CDISC\n    Standards:\n      - Name: SDTMIG\n        Version: '3.2'\n        References:\n          - Origin: SDTM and SDTMIG Conformance Rules\n            Version: '2.0'\n            Citations:\n              - Document: IG v3.2\n                Item: Assumption 5\n                Section: 5|Appendix C2\n                Cited Guidance: 'When study population flags are included in SDTM,\n                  they are treated as Supplemental Qualifiers (see Section 8: 8.4,\n                  Relating Non-Standard Variables Values To A Parent Domain) to DM\n                  and placed in the SUPPDM dataset. Controlled terms for these subject-level\n                  population flags, (e.g., COMPLT, SAFETY, ITT and PPROT) are listed\n                  in Appendix C2 - Supplemental Qualifier Name Codes.'\n            Rule Identifier:\n              Id: CG0138\n              Version: '1'\nCore:\n  Id: CDISC.SDTMIG.CG0138\n  Version: '1'\n  Status: Draft\nDescription: ''\nOutcome:\n  Message: ''\nSensitivity: Record\nScope:\n  Classes:\n    Include:\n      - SPECIAL PURPOSE\n  Domains:\n    Include:\n      - DM\nExecutability: Partially Executable\nCheck:\n  all: []\nRule Type: Record Data\n",
    "_rid": "+4oQAKOYNXzTiQAAAAAAAA==",
    "_self": "dbs/+4oQAA==/colls/+4oQAKOYNXw=/docs/+4oQAKOYNXzTiQAAAAAAAA==/",
    "_etag": "\"e902c974-0000-0700-0000-6439b9040000\"",
    "_attachments": "attachments/",
    "_ts": 1681504516
}