{
    "id": "0f9d3bf9-e2c2-4d4d-8b8c-cb7ed61e67b9",
    "created": "2023-04-12T14:25:35Z",
    "changed": "2023-04-14T20:34:58Z",
    "creator": {
        "id": "dd0f9aa3-68f9-4825-84a4-86c8303daaff"
    },
    "json": {
        "Authorities": [
            {
                "Organization": "CDISC",
                "Standards": [
                    {
                        "Name": "SDTMIG",
                        "Version": "3.2",
                        "References": [
                            {
                                "Origin": "SDTM and SDTMIG Conformance Rules",
                                "Version": "2.0",
                                "Citations": [
                                    {
                                        "Document": "IG v3.2",
                                        "Item": "Specification",
                                        "Section": "5",
                                        "Cited_Guidance": "Description of actual Arm. When an Arm is not planned (not in Trial Arms), ACTARM will be \u201cUnplanned Treatment\u201d. Randomized subjects who were not treated will be given a value of \u201cNot Treated\u201d. Values should be \u201cScreen Failure\u201d for screen failures and \u201cNot Assigned\u201d for subjects not assigned to treatment. Restricted to values in Trial Arms in all other cases."
                                    }
                                ],
                                "Rule_Identifier": {
                                    "Id": "CG0118",
                                    "Version": "1"
                                }
                            }
                        ]
                    }
                ]
            }
        ],
        "Core": {
            "Id": "CDISC.SDTMIG.CG0118",
            "Version": "1",
            "Status": "Draft"
        },
        "Description": "",
        "Outcome": {
            "Message": ""
        },
        "Sensitivity": "Record",
        "Scope": {
            "Classes": {
                "Include": [
                    "SPECIAL PURPOSE"
                ]
            },
            "Domains": {
                "Include": [
                    "DM"
                ]
            }
        },
        "Executability": "Partially Executable",
        "Check": {
            "all": []
        },
        "Rule_Type": "Record Data"
    },
    "content": "# Variable: ACTARM\n# Condition: ACTARM not in ('Screen Failure', 'Not Assigned', 'Not Treated', 'Unplanned Treatment')\n# Rule: ACTARM in TA.ARM\nAuthorities:\n  - Organization: CDISC\n    Standards:\n      - Name: SDTMIG\n        Version: '3.2'\n        References:\n          - Origin: SDTM and SDTMIG Conformance Rules\n            Version: '2.0'\n            Citations:\n              - Document: IG v3.2\n                Item: Specification\n                Section: '5'\n                Cited Guidance: Description of actual Arm. When an Arm is not planned\n                  (not in Trial Arms), ACTARM will be \u201cUnplanned Treatment\u201d. Randomized\n                  subjects who were not treated will be given a value of \u201cNot Treated\u201d.\n                  Values should be \u201cScreen Failure\u201d for screen failures and \u201cNot Assigned\u201d\n                  for subjects not assigned to treatment. Restricted to values in\n                  Trial Arms in all other cases.\n            Rule Identifier:\n              Id: CG0118\n              Version: '1'\nCore:\n  Id: CDISC.SDTMIG.CG0118\n  Version: '1'\n  Status: Draft\nDescription: ''\nOutcome:\n  Message: ''\nSensitivity: Record\nScope:\n  Classes:\n    Include:\n      - SPECIAL PURPOSE\n  Domains:\n    Include:\n      - DM\nExecutability: Partially Executable\nCheck:\n  all: []\nRule Type: Record Data\n",
    "_rid": "+4oQAKOYNXzBiQAAAAAAAA==",
    "_self": "dbs/+4oQAA==/colls/+4oQAKOYNXw=/docs/+4oQAKOYNXzBiQAAAAAAAA==/",
    "_etag": "\"e902c671-0000-0700-0000-6439b8f30000\"",
    "_attachments": "attachments/",
    "_ts": 1681504499
}