{
    "id": "f089a5a3-7ef7-488a-8c9d-58657f0ddad0",
    "created": "2023-04-12T14:25:48Z",
    "changed": "2023-04-14T20:35:16Z",
    "creator": {
        "id": "dd0f9aa3-68f9-4825-84a4-86c8303daaff"
    },
    "json": {
        "Authorities": [
            {
                "Organization": "CDISC",
                "Standards": [
                    {
                        "Name": "SDTMIG",
                        "Version": "3.2",
                        "References": [
                            {
                                "Origin": "SDTM and SDTMIG Conformance Rules",
                                "Version": "2.0",
                                "Citations": [
                                    {
                                        "Document": "IG v3.2",
                                        "Item": "Assumption 6",
                                        "Section": "5",
                                        "Cited_Guidance": "If multiple races are collected then the value of RACE should be 'MULTIPLE' and the additional information will be included in the Supplemental Qualifiers dataset."
                                    }
                                ],
                                "Rule_Identifier": {
                                    "Id": "CG0140",
                                    "Version": "1"
                                }
                            }
                        ]
                    },
                    {
                        "Name": "SDTMIG",
                        "Version": "3.3",
                        "References": [
                            {
                                "Origin": "SDTM and SDTMIG Conformance Rules",
                                "Version": "2.0",
                                "Citations": [
                                    {
                                        "Document": "IG v3.3",
                                        "Item": "Assumption 6",
                                        "Section": "5.2",
                                        "Cited_Guidance": "If multiple races are collected then the value of RACE should be 'MULTIPLE' and the additional information will be included in the Supplemental Qualifiers dataset."
                                    }
                                ],
                                "Rule_Identifier": {
                                    "Id": "CG0140",
                                    "Version": "1"
                                }
                            }
                        ]
                    },
                    {
                        "Name": "SDTMIG",
                        "Version": "3.4",
                        "References": [
                            {
                                "Origin": "SDTM and SDTMIG Conformance Rules",
                                "Version": "2.0",
                                "Citations": [
                                    {
                                        "Document": "IG v3.4",
                                        "Item": "Assumption 6",
                                        "Section": "5.2",
                                        "Cited_Guidance": "If multiple races are collected then the value of RACE should be 'MULTIPLE' and the additional information will be included in the Supplemental Qualifiers dataset."
                                    }
                                ],
                                "Rule_Identifier": {
                                    "Id": "CG0140",
                                    "Version": "1"
                                }
                            }
                        ]
                    }
                ]
            }
        ],
        "Core": {
            "Id": "CDISC.SDTMIG.CG0140",
            "Version": "1",
            "Status": "Draft"
        },
        "Description": "",
        "Outcome": {
            "Message": ""
        },
        "Sensitivity": "Record",
        "Scope": {
            "Classes": {
                "Include": [
                    "SPECIAL PURPOSE"
                ]
            },
            "Domains": {
                "Include": [
                    "DM"
                ]
            }
        },
        "Executability": "Partially Executable",
        "Check": {
            "all": []
        },
        "Rule_Type": "Record Data"
    },
    "content": "# Variable: RACE\n# Condition: Multiple records in SUPPDM where RACE captured\n# Rule: RACE = 'MULTIPLE'\nAuthorities:\n  - Organization: CDISC\n    Standards:\n      - Name: SDTMIG\n        Version: '3.2'\n        References:\n          - Origin: SDTM and SDTMIG Conformance Rules\n            Version: '2.0'\n            Citations:\n              - Document: IG v3.2\n                Item: Assumption 6\n                Section: '5'\n                Cited Guidance: If multiple races are collected then the value of\n                  RACE should be 'MULTIPLE' and the additional information will be\n                  included in the Supplemental Qualifiers dataset.\n            Rule Identifier:\n              Id: CG0140\n              Version: '1'\n      - Name: SDTMIG\n        Version: '3.3'\n        References:\n          - Origin: SDTM and SDTMIG Conformance Rules\n            Version: '2.0'\n            Citations:\n              - Document: IG v3.3\n                Item: Assumption 6\n                Section: '5.2'\n                Cited Guidance: If multiple races are collected then the value of\n                  RACE should be 'MULTIPLE' and the additional information will be\n                  included in the Supplemental Qualifiers dataset.\n            Rule Identifier:\n              Id: CG0140\n              Version: '1'\n      - Name: SDTMIG\n        Version: '3.4'\n        References:\n          - Origin: SDTM and SDTMIG Conformance Rules\n            Version: '2.0'\n            Citations:\n              - Document: IG v3.4\n                Item: Assumption 6\n                Section: '5.2'\n                Cited Guidance: If multiple races are collected then the value of\n                  RACE should be 'MULTIPLE' and the additional information will be\n                  included in the Supplemental Qualifiers dataset.\n            Rule Identifier:\n              Id: CG0140\n              Version: '1'\nCore:\n  Id: CDISC.SDTMIG.CG0140\n  Version: '1'\n  Status: Draft\nDescription: ''\nOutcome:\n  Message: ''\nSensitivity: Record\nScope:\n  Classes:\n    Include:\n      - SPECIAL PURPOSE\n  Domains:\n    Include:\n      - DM\nExecutability: Partially Executable\nCheck:\n  all: []\nRule Type: Record Data\n",
    "_rid": "+4oQAKOYNXzUiQAAAAAAAA==",
    "_self": "dbs/+4oQAA==/colls/+4oQAKOYNXw=/docs/+4oQAKOYNXzUiQAAAAAAAA==/",
    "_etag": "\"e902ea74-0000-0700-0000-6439b9050000\"",
    "_attachments": "attachments/",
    "_ts": 1681504517
}