{
    "id": "bec1f35f-714f-41a7-81f1-d5ff0f19bc1e",
    "created": "2023-04-12T14:26:31Z",
    "changed": "2023-04-14T20:36:01Z",
    "creator": {
        "id": "dd0f9aa3-68f9-4825-84a4-86c8303daaff"
    },
    "json": {
        "Authorities": [
            {
                "Organization": "CDISC",
                "Standards": [
                    {
                        "Name": "SDTMIG",
                        "Version": "3.2",
                        "References": [
                            {
                                "Origin": "SDTM and SDTMIG Conformance Rules",
                                "Version": "2.0",
                                "Citations": [
                                    {
                                        "Document": "IG v3.2",
                                        "Item": "Specification",
                                        "Section": "6.3",
                                        "Cited_Guidance": "Upper end of reference range for continuous measurements in original units."
                                    }
                                ],
                                "Rule_Identifier": {
                                    "Id": "CG0187",
                                    "Version": "2"
                                }
                            }
                        ]
                    },
                    {
                        "Name": "SDTMIG",
                        "Version": "3.3",
                        "References": [
                            {
                                "Origin": "SDTM and SDTMIG Conformance Rules",
                                "Version": "2.0",
                                "Citations": [
                                    {
                                        "Document": "IG v3.3",
                                        "Item": "Specification",
                                        "Section": "6.3.6",
                                        "Cited_Guidance": "Upper end of reference range for continuous measurements in original units."
                                    }
                                ],
                                "Rule_Identifier": {
                                    "Id": "CG0187",
                                    "Version": "2"
                                }
                            }
                        ]
                    },
                    {
                        "Name": "SDTMIG",
                        "Version": "3.4",
                        "References": [
                            {
                                "Origin": "SDTM and SDTMIG Conformance Rules",
                                "Version": "2.0",
                                "Citations": [
                                    {
                                        "Document": "IG v3.4",
                                        "Item": "Specification",
                                        "Section": "6.3.5.6",
                                        "Cited_Guidance": "Upper end of reference range for continuous measurement in original units."
                                    }
                                ],
                                "Rule_Identifier": {
                                    "Id": "CG0187",
                                    "Version": "2"
                                }
                            }
                        ]
                    }
                ]
            }
        ],
        "Core": {
            "Id": "CDISC.SDTMIG.CG0187",
            "Version": "1",
            "Status": "Draft"
        },
        "Description": "",
        "Outcome": {
            "Message": ""
        },
        "Sensitivity": "Record",
        "Scope": {
            "Classes": {
                "Include": [
                    "FINDINGS"
                ]
            },
            "Domains": {
                "Include": [
                    "LB"
                ]
            }
        },
        "Executability": "Partially Executable",
        "Check": {
            "all": []
        },
        "Rule_Type": "Record Data"
    },
    "content": "# Variable: LBORNRHI\n# Condition: \n# Rule: LBORNRHI is expressed using the units in LBORRESU\nAuthorities:\n  - Organization: CDISC\n    Standards:\n      - Name: SDTMIG\n        Version: '3.2'\n        References:\n          - Origin: SDTM and SDTMIG Conformance Rules\n            Version: '2.0'\n            Citations:\n              - Document: IG v3.2\n                Item: Specification\n                Section: '6.3'\n                Cited Guidance: Upper end of reference range for continuous measurements\n                  in original units.\n            Rule Identifier:\n              Id: CG0187\n              Version: '2'\n      - Name: SDTMIG\n        Version: '3.3'\n        References:\n          - Origin: SDTM and SDTMIG Conformance Rules\n            Version: '2.0'\n            Citations:\n              - Document: IG v3.3\n                Item: Specification\n                Section: 6.3.6\n                Cited Guidance: Upper end of reference range for continuous measurements\n                  in original units.\n            Rule Identifier:\n              Id: CG0187\n              Version: '2'\n      - Name: SDTMIG\n        Version: '3.4'\n        References:\n          - Origin: SDTM and SDTMIG Conformance Rules\n            Version: '2.0'\n            Citations:\n              - Document: IG v3.4\n                Item: Specification\n                Section: 6.3.5.6\n                Cited Guidance: Upper end of reference range for continuous measurement\n                  in original units.\n            Rule Identifier:\n              Id: CG0187\n              Version: '2'\nCore:\n  Id: CDISC.SDTMIG.CG0187\n  Version: '1'\n  Status: Draft\nDescription: ''\nOutcome:\n  Message: ''\nSensitivity: Record\nScope:\n  Classes:\n    Include:\n      - FINDINGS\n  Domains:\n    Include:\n      - LB\nExecutability: Partially Executable\nCheck:\n  all: []\nRule Type: Record Data\n",
    "_rid": "+4oQAKOYNXwAigAAAAAAAA==",
    "_self": "dbs/+4oQAA==/colls/+4oQAKOYNXw=/docs/+4oQAKOYNXwAigAAAAAAAA==/",
    "_etag": "\"e902ea7b-0000-0700-0000-6439b9320000\"",
    "_attachments": "attachments/",
    "_ts": 1681504562
}