{
    "id": "93774e53-174f-4d4f-a181-78d518197d61",
    "changed": "2022-03-22T13:13:32Z",
    "content": "Check:\n  all:\n    - name: IETESTCD\n      operator: is_not_contained_by\n      value: $ti_ietestcd\nOperations:\n  - operator: distinct\n    domain: TI\n    name: IETESTCD\n    id: $ti_ietestcd\nCore:\n  Id: QC.CDISC.SDTMIG.CG0179\n  Version: '1'\n  Status: Draft\nDescription: Check if IETESTCD is present in TI.IETESTCD\nOutcome:\n  Message: IETESTCD does not exist in TI.IETESTCD\n  Output Variables:\n    - IETESTCD\nRule Type: Record Data\nSensitivity: Record\nAuthorities:\n  - Organization: CDISC\n    Standards:\n      - Name: SDTMIG\n        Version: '3.4'\n        References:\n          - Origin: SDTM and SDTMIG Conformance Rules\n            Rule Identifier:\n              Id: CG0179\n              Version: '1'\n            Version: '2.0'\n            Citations:\n              - Cited Guidance: The complete list of Inclusion/Exclusion criteria\n                  can be found in the Trial Inclusion/Exclusion Criteria (TI) dataset\n                  described in Section 7.4.1, Trial Inclusion/Exclusion Criteria.\n                Document: IG v3.4\n                Item: Specification\n                Section: 6.3.4\nScope:\n  Classes:\n    Include:\n      - FINDINGS\n  Domains:\n    Include:\n      - IE\n",
    "created": "2022-03-22T13:13:32Z",
    "creator": {
        "id": "b5bc818b-4ec4-4952-951f-0fbca010be52"
    },
    "json": {
        "Check": {
            "all": [
                {
                    "name": "IETESTCD",
                    "operator": "is_not_contained_by",
                    "value": "$ti_ietestcd"
                }
            ]
        },
        "Operations": [
            {
                "operator": "distinct",
                "domain": "TI",
                "name": "IETESTCD",
                "id": "$ti_ietestcd"
            }
        ],
        "Core": {
            "Id": "QC.CDISC.SDTMIG.CG0179",
            "Version": "1",
            "Status": "Draft"
        },
        "Description": "Check if IETESTCD is present in TI.IETESTCD",
        "Outcome": {
            "Message": "IETESTCD does not exist in TI.IETESTCD",
            "Output_Variables": [
                "IETESTCD"
            ]
        },
        "Rule_Type": "Record Data",
        "Sensitivity": "Record",
        "Authorities": [
            {
                "Organization": "CDISC",
                "Standards": [
                    {
                        "Name": "SDTMIG",
                        "Version": "3.4",
                        "References": [
                            {
                                "Origin": "SDTM and SDTMIG Conformance Rules",
                                "Rule_Identifier": {
                                    "Id": "CG0179",
                                    "Version": "1"
                                },
                                "Version": "2.0",
                                "Citations": [
                                    {
                                        "Cited_Guidance": "The complete list of Inclusion/Exclusion criteria can be found in the Trial Inclusion/Exclusion Criteria (TI) dataset described in Section 7.4.1, Trial Inclusion/Exclusion Criteria.",
                                        "Document": "IG v3.4",
                                        "Item": "Specification",
                                        "Section": "6.3.4"
                                    }
                                ]
                            }
                        ]
                    }
                ]
            }
        ],
        "Scope": {
            "Classes": {
                "Include": [
                    "FINDINGS"
                ]
            },
            "Domains": {
                "Include": [
                    "IE"
                ]
            }
        }
    },
    "_rid": "+4oQAKOYNXyljAAAAAAAAA==",
    "_self": "dbs/+4oQAA==/colls/+4oQAKOYNXw=/docs/+4oQAKOYNXyljAAAAAAAAA==/",
    "_etag": "\"e90259dd-0000-0700-0000-6439bbc30000\"",
    "_attachments": "attachments/",
    "_ts": 1681505219
}