{
    "id": "f46cf9c8-1ed7-4e7d-beb9-ab7cde49fd61",
    "created": "2023-04-12T14:26:01Z",
    "changed": "2023-04-14T20:35:31Z",
    "creator": {
        "id": "dd0f9aa3-68f9-4825-84a4-86c8303daaff"
    },
    "json": {
        "Authorities": [
            {
                "Organization": "CDISC",
                "Standards": [
                    {
                        "Name": "SDTMIG",
                        "Version": "3.2",
                        "References": [
                            {
                                "Origin": "SDTM and SDTMIG Conformance Rules",
                                "Version": "2.0",
                                "Citations": [
                                    {
                                        "Document": "AP Guide v1.0",
                                        "Item": "Specification",
                                        "Section": "2.1.1",
                                        "Cited_Guidance": "Identifier for a single associated person, a group of associated persons, or a pool of associated persons. If APID identifies a pool, POOLDEF records must exist for each associated person."
                                    }
                                ],
                                "Rule_Identifier": {
                                    "Id": "CG0156",
                                    "Version": "1"
                                }
                            }
                        ]
                    },
                    {
                        "Name": "SDTMIG",
                        "Version": "3.3",
                        "References": [
                            {
                                "Origin": "SDTM and SDTMIG Conformance Rules",
                                "Version": "2.0",
                                "Citations": [
                                    {
                                        "Document": "AP Guide v1.0",
                                        "Item": "Specification",
                                        "Section": "2.1.1",
                                        "Cited_Guidance": "Identifier for a single associated person, a group of associated persons, or a pool of associated persons. If APID identifies a pool, POOLDEF records must exist for each associated person."
                                    }
                                ],
                                "Rule_Identifier": {
                                    "Id": "CG0156",
                                    "Version": "1"
                                }
                            }
                        ]
                    },
                    {
                        "Name": "SDTMIG",
                        "Version": "3.4",
                        "References": [
                            {
                                "Origin": "SDTM and SDTMIG Conformance Rules",
                                "Version": "2.0",
                                "Citations": [
                                    {
                                        "Document": "AP Guide v1.0",
                                        "Item": "Specification",
                                        "Section": "2.1.1",
                                        "Cited_Guidance": "Identifier for a single associated person, a group of associated persons, or a pool of associated persons. If APID identifies a pool, POOLDEF records must exist for each associated person."
                                    }
                                ],
                                "Rule_Identifier": {
                                    "Id": "CG0156",
                                    "Version": "1"
                                }
                            }
                        ]
                    }
                ]
            }
        ],
        "Core": {
            "Id": "CDISC.SDTMIG.CG0156",
            "Version": "1",
            "Status": "Draft"
        },
        "Description": "",
        "Outcome": {
            "Message": ""
        },
        "Sensitivity": "Record",
        "Scope": {
            "Classes": {
                "Include": [
                    "ALL"
                ]
            },
            "Domains": {
                "Include": [
                    "AP--"
                ]
            }
        },
        "Executability": "Fully Executable",
        "Check": {
            "all": []
        },
        "Rule_Type": "Record Data"
    },
    "content": "# Variable: APID\n# Condition: APID identifies group of associated persons defined in POOLDEF\n# Rule: APID in POOLDEF.POOLID\nAuthorities:\n  - Organization: CDISC\n    Standards:\n      - Name: SDTMIG\n        Version: '3.2'\n        References:\n          - Origin: SDTM and SDTMIG Conformance Rules\n            Version: '2.0'\n            Citations:\n              - Document: AP Guide v1.0\n                Item: Specification\n                Section: 2.1.1\n                Cited Guidance: Identifier for a single associated person, a group\n                  of associated persons, or a pool of associated persons. If APID\n                  identifies a pool, POOLDEF records must exist for each associated\n                  person.\n            Rule Identifier:\n              Id: CG0156\n              Version: '1'\n      - Name: SDTMIG\n        Version: '3.3'\n        References:\n          - Origin: SDTM and SDTMIG Conformance Rules\n            Version: '2.0'\n            Citations:\n              - Document: AP Guide v1.0\n                Item: Specification\n                Section: 2.1.1\n                Cited Guidance: Identifier for a single associated person, a group\n                  of associated persons, or a pool of associated persons. If APID\n                  identifies a pool, POOLDEF records must exist for each associated\n                  person.\n            Rule Identifier:\n              Id: CG0156\n              Version: '1'\n      - Name: SDTMIG\n        Version: '3.4'\n        References:\n          - Origin: SDTM and SDTMIG Conformance Rules\n            Version: '2.0'\n            Citations:\n              - Document: AP Guide v1.0\n                Item: Specification\n                Section: 2.1.1\n                Cited Guidance: Identifier for a single associated person, a group\n                  of associated persons, or a pool of associated persons. If APID\n                  identifies a pool, POOLDEF records must exist for each associated\n                  person.\n            Rule Identifier:\n              Id: CG0156\n              Version: '1'\nCore:\n  Id: CDISC.SDTMIG.CG0156\n  Version: '1'\n  Status: Draft\nDescription: ''\nOutcome:\n  Message: ''\nSensitivity: Record\nScope:\n  Classes:\n    Include:\n      - ALL\n  Domains:\n    Include:\n      - AP--\nExecutability: Fully Executable\nCheck:\n  all: []\nRule Type: Record Data\n",
    "_rid": "+4oQAKOYNXzjiQAAAAAAAA==",
    "_self": "dbs/+4oQAA==/colls/+4oQAKOYNXw=/docs/+4oQAKOYNXzjiQAAAAAAAA==/",
    "_etag": "\"e9027e77-0000-0700-0000-6439b9140000\"",
    "_attachments": "attachments/",
    "_ts": 1681504532
}