{
    "id": "f3ae1060-2ff3-4683-a7a1-0a07628b4c82",
    "changed": "2023-03-17T16:46:30.929Z",
    "content": "Check:\n  all:\n    - name: USUBJID\n      operator: is_contained_by\n      value: $ex_usubjid\n    - name: RFXSTDTC\n      operator: not_equal_to\n      value: $min_ex_exstdtc\nCore:\n  Id: CORE-000239\n  Version: '1'\n  Status: Published\nDescription: Raise an error when EX records are present for subject but RFXSTDTC\n  does not equal the earliest value of EX.EXSTDTC\nOperations:\n  - operator: distinct\n    domain: EX\n    name: USUBJID\n    id: $ex_usubjid\n  - operator: min_date\n    domain: EX\n    name: EXSTDTC\n    id: $min_ex_exstdtc\n    group:\n      - USUBJID\nOutcome:\n  Message: RFXSTDTC does not equal the earliest value of EX.EXSTDTC\n  Output Variables:\n    - RFXSTDTC\n    - $min_ex_exstdtc\nRule Type: Record Data\nSensitivity: Record\nExecutability: Fully Executable\nAuthorities:\n  - Organization: CDISC\n    Standards:\n      - Name: SDTMIG\n        Version: '3.4'\n        References:\n          - Origin: SDTM and SDTMIG Conformance Rules\n            Rule Identifier:\n              Id: CG0148\n              Version: '2'\n            Version: '2.0'\n            Citations:\n              - Cited Guidance: First date of exposure to any protocol-specified treatment or\n                  therapy, equal to the earliest value of EXSTDTC.\n                Document: IG v3.4\n                Item: Specification\n                Section: '5.2'\n\n      - Name: SDTMIG\n        Version: '3.3'\n        References:\n          - Origin: SDTM and SDTMIG Conformance Rules\n            Rule Identifier:\n              Id: CG0148\n              Version: '2'\n            Version: '2.0'\n            Citations:\n              - Cited Guidance: First date of exposure to any protocol-specified treatment or\n                  therapy, equal to the earliest value of EXSTDTC.\n                Document: IG v3.3\n                Item: Specification\n                Section: '5.2'\n      - Name: SDTMIG\n        Version: '3.2'\n        References:\n          - Origin: SDTM and SDTMIG Conformance Rules\n            Rule Identifier:\n              Id: CG0148\n              Version: '2'\n            Version: '2.0'\n            Citations:\n              - Cited Guidance: First date/time of exposure to any protocol-specified treatment\n                  or therapy, equal to the earliest value of EXSTDTC.\n                Document: IG v3.2\n                Item: Specification\n                Section: '5'\nScope:\n  Classes:\n    Include:\n      - SPECIAL PURPOSE\n  Domains:\n    Include:\n      - DM\n",
    "created": "2022-02-05T06:03:18Z",
    "creator": {
        "id": "ff471ff8-f131-4cf5-9712-c79cce6301a1"
    },
    "json": {
        "Check": {
            "all": [
                {
                    "name": "USUBJID",
                    "operator": "is_contained_by",
                    "value": "$ex_usubjid"
                },
                {
                    "name": "RFXSTDTC",
                    "operator": "not_equal_to",
                    "value": "$min_ex_exstdtc"
                }
            ]
        },
        "Core": {
            "Id": "CORE-000239",
            "Version": "1",
            "Status": "Published"
        },
        "Description": "Raise an error when EX records are present for subject but RFXSTDTC does not equal the earliest value of EX.EXSTDTC",
        "Operations": [
            {
                "operator": "distinct",
                "domain": "EX",
                "name": "USUBJID",
                "id": "$ex_usubjid"
            },
            {
                "operator": "min_date",
                "domain": "EX",
                "name": "EXSTDTC",
                "id": "$min_ex_exstdtc",
                "group": [
                    "USUBJID"
                ]
            }
        ],
        "Outcome": {
            "Message": "RFXSTDTC does not equal the earliest value of EX.EXSTDTC",
            "Output_Variables": [
                "RFXSTDTC",
                "$min_ex_exstdtc"
            ]
        },
        "Sensitivity": "Record",
        "Executability": "Fully Executable",
        "Authorities": [
            {
                "Organization": "CDISC",
                "Standards": [
                    {
                        "Name": "SDTMIG",
                        "Version": "3.4",
                        "References": [
                            {
                                "Origin": "SDTM and SDTMIG Conformance Rules",
                                "Version": "2.0",
                                "Citations": [
                                    {
                                        "Document": "IG v3.4",
                                        "Item": "Specification",
                                        "Section": "5.2",
                                        "Cited_Guidance": "First date of exposure to any protocol-specified treatment or therapy, equal to the earliest value of EXSTDTC."
                                    }
                                ],
                                "Rule_Identifier": {
                                    "Id": "CG0148",
                                    "Version": "2"
                                }
                            }
                        ]
                    },
                    {
                        "Name": "SDTMIG",
                        "Version": "3.3",
                        "References": [
                            {
                                "Origin": "SDTM and SDTMIG Conformance Rules",
                                "Version": "2.0",
                                "Citations": [
                                    {
                                        "Document": "IG v3.3",
                                        "Item": "Specification",
                                        "Section": "5.2",
                                        "Cited_Guidance": "First date of exposure to any protocol-specified treatment or therapy, equal to the earliest value of EXSTDTC."
                                    }
                                ],
                                "Rule_Identifier": {
                                    "Id": "CG0148",
                                    "Version": "2"
                                }
                            }
                        ]
                    },
                    {
                        "Name": "SDTMIG",
                        "Version": "3.2",
                        "References": [
                            {
                                "Origin": "SDTM and SDTMIG Conformance Rules",
                                "Version": "2.0",
                                "Citations": [
                                    {
                                        "Document": "IG v3.2",
                                        "Item": "Specification",
                                        "Section": "5",
                                        "Cited_Guidance": "First date/time of exposure to any protocol-specified treatment or therapy, equal to the earliest value of EXSTDTC."
                                    }
                                ],
                                "Rule_Identifier": {
                                    "Id": "CG0148",
                                    "Version": "2"
                                }
                            }
                        ]
                    }
                ]
            }
        ],
        "Scope": {
            "Classes": {
                "Include": [
                    "SPECIAL PURPOSE"
                ]
            },
            "Domains": {
                "Include": [
                    "DM"
                ]
            }
        },
        "Rule_Type": "Record Data"
    },
    "_rid": "+4oQAKOYNXzIjAAAAAAAAA==",
    "_self": "dbs/+4oQAA==/colls/+4oQAKOYNXw=/docs/+4oQAKOYNXzIjAAAAAAAAA==/",
    "_etag": "\"e902c8e0-0000-0700-0000-6439bbdc0000\"",
    "_attachments": "attachments/",
    "_ts": 1681505244
}