{
    "id": "35fb4229-1ede-4516-8117-5901a0e6a509",
    "changed": "2023-03-13T14:08:55.548Z",
    "content": "Check:\n  all:\n    - name: LBORRES\n      operator: non_empty\n    - name: LBORNRHI\n      operator: empty\nCore:\n  Id: CDISC.SDTMIG.CG0181\n  Version: '1'\n  Status: Draft\nDescription: Raise an error when LBORRES is not empty and LBORNRHI is empty.\nOutcome:\n  Message: LBORRES is not empty and LBORNRHI is empty.\nRule Type: Record Data\nSensitivity: Record\nExecutability: Partially Executable - Possible Underreporting\nAuthorities:\n  - Organization: CDISC\n    Standards:\n      - Name: SDTMIG\n        Version: '3.4'\n        References:\n          - Origin: SDTM and SDTMIG Conformance Rules\n            Rule Identifier:\n              Id: CG0181\n              Version: '1'\n            Version: '2.0'\n            Citations:\n              - Cited Guidance: Upper end of reference range for continuous measurement\n                  in original units. Should be populated only for continuous results.\n                Document: SDTMIG v3.4\n                Item: Specification\n                Section: 6.3.5.6\nScope:\n  Classes:\n    Include:\n      - FINDINGS\n  Domains:\n    Include:\n      - LB\n",
    "created": "2021-12-09T15:14:40Z",
    "creator": {
        "id": "57b54e45-6455-401d-bba2-4bd1de21716d"
    },
    "json": {
        "Check": {
            "all": [
                {
                    "name": "LBORRES",
                    "operator": "non_empty"
                },
                {
                    "name": "LBORNRHI",
                    "operator": "empty"
                }
            ]
        },
        "Core": {
            "Id": "CDISC.SDTMIG.CG0181",
            "Version": "1",
            "Status": "Draft"
        },
        "Description": "Raise an error when LBORRES is not empty and LBORNRHI is empty.",
        "Outcome": {
            "Message": "LBORRES is not empty and LBORNRHI is empty."
        },
        "Sensitivity": "Record",
        "Executability": "Partially Executable - Possible Underreporting",
        "Authorities": [
            {
                "Organization": "CDISC",
                "Standards": [
                    {
                        "Name": "SDTMIG",
                        "Version": "3.4",
                        "References": [
                            {
                                "Origin": "SDTM and SDTMIG Conformance Rules",
                                "Version": "2.0",
                                "Citations": [
                                    {
                                        "Document": "SDTMIG v3.4",
                                        "Item": "Specification",
                                        "Section": "6.3.5.6",
                                        "Cited_Guidance": "Upper end of reference range for continuous measurement in original units. Should be populated only for continuous results."
                                    }
                                ],
                                "Rule_Identifier": {
                                    "Id": "CG0181",
                                    "Version": "1"
                                }
                            }
                        ]
                    }
                ]
            }
        ],
        "Scope": {
            "Classes": {
                "Include": [
                    "FINDINGS"
                ]
            },
            "Domains": {
                "Include": [
                    "LB"
                ]
            }
        },
        "Rule_Type": "Record Data"
    },
    "_rid": "+4oQAKOYNXynjAAAAAAAAA==",
    "_self": "dbs/+4oQAA==/colls/+4oQAKOYNXw=/docs/+4oQAKOYNXynjAAAAAAAAA==/",
    "_etag": "\"e90293dd-0000-0700-0000-6439bbc50000\"",
    "_attachments": "attachments/",
    "_ts": 1681505221
}