{
    "id": "12704429-2f18-4590-a7d9-29d28bb5f879",
    "created": "2023-04-12T14:26:36Z",
    "changed": "2023-04-14T20:36:07Z",
    "creator": {
        "id": "dd0f9aa3-68f9-4825-84a4-86c8303daaff"
    },
    "json": {
        "Authorities": [
            {
                "Organization": "CDISC",
                "Standards": [
                    {
                        "Name": "SDTMIG",
                        "Version": "3.2",
                        "References": [
                            {
                                "Origin": "SDTM and SDTMIG Conformance Rules",
                                "Version": "2.0",
                                "Citations": [
                                    {
                                        "Document": "IG v3.2",
                                        "Item": "Assumption 6",
                                        "Section": "6.3",
                                        "Cited_Guidance": "MBRESCAT is expected in all records where a microorganism has been identified to differentiate between colonizing organisms and the one(s) that are causing the infection. It is not expected when there is \u201cNo growth\u201d or when the results are from a gram stain."
                                    }
                                ],
                                "Rule_Identifier": {
                                    "Id": "CG0193",
                                    "Version": "2"
                                }
                            }
                        ]
                    }
                ]
            }
        ],
        "Core": {
            "Id": "CDISC.SDTMIG.CG0193",
            "Version": "1",
            "Status": "Draft"
        },
        "Description": "",
        "Outcome": {
            "Message": ""
        },
        "Sensitivity": "Record",
        "Scope": {
            "Classes": {
                "Include": [
                    "FINDINGS"
                ]
            },
            "Domains": {
                "Include": [
                    "MB"
                ]
            }
        },
        "Executability": "Partially Executable",
        "Check": {
            "all": []
        },
        "Rule_Type": "Record Data"
    },
    "content": "# Variable: MBRESCAT\n# Condition: MBTESTCD = 'ORGANISM' and MBSTRESC ^= 'NO GROWTH' and MBMETHOD ^= 'GRAM STAIN'\n# Rule: MBRESCAT ^= null\nAuthorities:\n  - Organization: CDISC\n    Standards:\n      - Name: SDTMIG\n        Version: '3.2'\n        References:\n          - Origin: SDTM and SDTMIG Conformance Rules\n            Version: '2.0'\n            Citations:\n              - Document: IG v3.2\n                Item: Assumption 6\n                Section: '6.3'\n                Cited Guidance: MBRESCAT is expected in all records where a microorganism\n                  has been identified to differentiate between colonizing organisms\n                  and the one(s) that are causing the infection. It is not expected\n                  when there is \u201cNo growth\u201d or when the results are from a gram stain.\n            Rule Identifier:\n              Id: CG0193\n              Version: '2'\nCore:\n  Id: CDISC.SDTMIG.CG0193\n  Version: '1'\n  Status: Draft\nDescription: ''\nOutcome:\n  Message: ''\nSensitivity: Record\nScope:\n  Classes:\n    Include:\n      - FINDINGS\n  Domains:\n    Include:\n      - MB\nExecutability: Partially Executable\nCheck:\n  all: []\nRule Type: Record Data\n",
    "_rid": "+4oQAKOYNXwGigAAAAAAAA==",
    "_self": "dbs/+4oQAA==/colls/+4oQAKOYNXw=/docs/+4oQAKOYNXwGigAAAAAAAA==/",
    "_etag": "\"e902317d-0000-0700-0000-6439b9380000\"",
    "_attachments": "attachments/",
    "_ts": 1681504568
}