{
    "id": "2943ec81-cb2a-48f4-8f3c-a2b953d9a54c",
    "changed": "2022-02-15T21:27:08Z",
    "content": "Core:\n  Id: CDISC.SDTMIG.CG0196 (NOT EXECUTABLE)\n  Version: '1'\n  Status: Draft\nScopes: {}\nAuthorities:\n  - Organization: CDISC\n    Standards:\n      - References:\n          - Origin: SDTM and SDTMIG Conformance Rules\n            Rule Identifier:\n              Id: CG0196\n              Version: '1'\n            Version: '2.0'\n",
    "created": "2022-02-05T06:17:14Z",
    "creator": {
        "id": "ff471ff8-f131-4cf5-9712-c79cce6301a1"
    },
    "json": {
        "Core": {
            "Id": "CDISC.SDTMIG.CG0196 (NOT EXECUTABLE)",
            "Version": "1",
            "Status": "Draft"
        },
        "Scopes": {},
        "Authorities": [
            {
                "Organization": "CDISC",
                "Standards": [
                    {
                        "References": [
                            {
                                "Origin": "SDTM and SDTMIG Conformance Rules",
                                "Rule_Identifier": {
                                    "Id": "CG0196",
                                    "Version": "1"
                                },
                                "Version": "2.0"
                            }
                        ]
                    }
                ]
            }
        ]
    },
    "_rid": "+4oQAKOYNXzLjAAAAAAAAA==",
    "_self": "dbs/+4oQAA==/colls/+4oQAKOYNXw=/docs/+4oQAKOYNXzLjAAAAAAAAA==/",
    "_etag": "\"e90210e1-0000-0700-0000-6439bbdd0000\"",
    "_attachments": "attachments/",
    "_ts": 1681505245
}