{
    "id": "52b5aebc-4b5d-4477-95bc-3626ca2a0d0a",
    "created": "2023-04-12T14:25:28Z",
    "changed": "2023-04-14T20:34:50Z",
    "creator": {
        "id": "dd0f9aa3-68f9-4825-84a4-86c8303daaff"
    },
    "json": {
        "Authorities": [
            {
                "Organization": "CDISC",
                "Standards": [
                    {
                        "Name": "SDTMIG",
                        "Version": "3.2",
                        "References": [
                            {
                                "Origin": "SDTM and SDTMIG Conformance Rules",
                                "Version": "2.0",
                                "Citations": [
                                    {
                                        "Document": "IG v3.2",
                                        "Item": "Specification|Assumption 4|Assumption 10",
                                        "Section": "5",
                                        "Cited_Guidance": "Specification[ACTARMCD: Randomized subjects who were not treated will be given a value of NOTTRT. Values should be \"SCRNFAIL\" for screen failures and \"NOTASSGN\" for subjects not assigned to treatment]|Assumption 4[Subjects withdrawn from a trial before assignment to an Arm, if they are not screen failures, should have ARMCD = 'NOTASSGN' and ARM = 'Not Assigned'.]|Assumption 10[subjects who are ineligible for treatment (e.g., screen failures with ARMCD=SCRNFAIL), subjects who were enrolled but not assigned to an arm (ARMCD=NOTASSGN), or subjects who were randomized but not treated (ACTARMCD=NOTTRT), RFSTDTC will be null.]"
                                    }
                                ],
                                "Rule_Identifier": {
                                    "Id": "CG0109",
                                    "Version": "1"
                                }
                            }
                        ]
                    }
                ]
            }
        ],
        "Core": {
            "Id": "CDISC.SDTMIG.CG0109",
            "Version": "1",
            "Status": "Draft"
        },
        "Description": "",
        "Outcome": {
            "Message": ""
        },
        "Sensitivity": "Record",
        "Scope": {
            "Classes": {
                "Include": [
                    "SPECIAL PURPOSE"
                ]
            },
            "Domains": {
                "Include": [
                    "DM"
                ]
            }
        },
        "Executability": "Partially Executable",
        "Check": {
            "all": []
        },
        "Rule_Type": "Record Data"
    },
    "content": "# Variable: ACTARMCD\n# Condition: No records in EX for Subject\n# Rule: DM.ACTARMCD in ('SCRNFAIL', 'NOTASSGN', 'NOTTRT')\nAuthorities:\n  - Organization: CDISC\n    Standards:\n      - Name: SDTMIG\n        Version: '3.2'\n        References:\n          - Origin: SDTM and SDTMIG Conformance Rules\n            Version: '2.0'\n            Citations:\n              - Document: IG v3.2\n                Item: Specification|Assumption 4|Assumption 10\n                Section: '5'\n                Cited Guidance: \"Specification[ACTARMCD: Randomized subjects who were\\\n                  \\ not treated will be given a value of NOTTRT. Values should be\\\n                  \\ \\\"SCRNFAIL\\\" for screen failures and \\\"NOTASSGN\\\" for subjects\\\n                  \\ not assigned to treatment]|Assumption 4[Subjects withdrawn from\\\n                  \\ a trial before assignment to an Arm, if they are not screen failures,\\\n                  \\ should have ARMCD = 'NOTASSGN' and ARM = 'Not Assigned'.]|Assumption\\\n                  \\ 10[subjects who are ineligible for treatment (e.g., screen failures\\\n                  \\ with ARMCD=SCRNFAIL), subjects who were enrolled but not assigned\\\n                  \\ to an arm (ARMCD=NOTASSGN), or subjects who were randomized but\\\n                  \\ not treated (ACTARMCD=NOTTRT), RFSTDTC will be null.]\"\n            Rule Identifier:\n              Id: CG0109\n              Version: '1'\nCore:\n  Id: CDISC.SDTMIG.CG0109\n  Version: '1'\n  Status: Draft\nDescription: ''\nOutcome:\n  Message: ''\nSensitivity: Record\nScope:\n  Classes:\n    Include:\n      - SPECIAL PURPOSE\n  Domains:\n    Include:\n      - DM\nExecutability: Partially Executable\nCheck:\n  all: []\nRule Type: Record Data\n",
    "_rid": "+4oQAKOYNXy5iQAAAAAAAA==",
    "_self": "dbs/+4oQAA==/colls/+4oQAKOYNXw=/docs/+4oQAKOYNXy5iQAAAAAAAA==/",
    "_etag": "\"e902f96f-0000-0700-0000-6439b8eb0000\"",
    "_attachments": "attachments/",
    "_ts": 1681504491
}