{
    "id": "627e8444-7d22-4ad7-b93e-db5bf68b08b1",
    "changed": "2023-03-21T14:57:33.247Z",
    "content": "Check:\n  all:\n    - name: USUBJID\n      operator: is_contained_by\n      value: $ex_usubjid\n    - name: RFXENDTC\n      operator: not_equal_to\n      value: $max_ex_exstdtc\n    - name: RFXENDTC\n      operator: not_equal_to\n      value: $max_ex_exendtc\nCore:\n  Id: CORE-000238\n  Version: '1'\n  Status: Published\nDescription: Raise an error when EX records are present for subject but RFXENDTC\n  does not equal the latest value of EX.EXSTDTC or EX.EXENDTC\nOperations:\n  - operator: distinct\n    domain: EX\n    name: USUBJID\n    id: $ex_usubjid\n  - operator: max_date\n    domain: EX\n    name: EXSTDTC\n    id: $max_ex_exstdtc\n    group:\n      - USUBJID\n  - operator: max_date\n    domain: EX\n    name: EXENDTC\n    id: $max_ex_exendtc\n    group:\n      - USUBJID\nOutcome:\n  Message: RFXENDTC does not equal the latest value of EX.EXSTDTC or EX.EXENDTC\n  Output Variables:\n    - RFXENDTC\n    - $max_ex_exstdtc\n    - $max_ex_exendtc\nRule Type: Record Data\nSensitivity: Record\nExecutability: Fully Executable\nAuthorities:\n  - Organization: CDISC\n    Standards:\n      - Name: SDTMIG\n        Version: '3.4'\n        References:\n          - Origin: SDTM and SDTMIG Conformance Rules\n            Rule Identifier:\n              Id: CG0147\n              Version: '1'\n            Version: '2.0'\n            Citations:\n              - Cited Guidance: Equal to the latest value of EXENDTC (or the latest value of\n                  EXSTDTC if EXENDTC was not collected or is missing).\n                Document: IG v3.4\n                Item: Specification\n                Section: '5.2'\n      - Name: SDTMIG\n        Version: '3.3'\n        References:\n          - Origin: SDTM and SDTMIG Conformance Rules\n            Rule Identifier:\n              Id: CG0147\n              Version: '1'\n            Version: '2.0'\n            Citations:\n              - Cited Guidance: Equal to the latest value of EXENDTC (or the latest value of\n                  EXSTDTC if EXENDTC was not collected or is missing).\n                Document: IG v3.3\n                Item: Specification\n                Section: '5.2'\n      - Name: SDTMIG\n        Version: '3.2'\n        References:\n          - Origin: SDTM and SDTMIG Conformance Rules\n            Rule Identifier:\n              Id: CG0147\n              Version: '1'\n            Version: '2.0'\n            Citations:\n              - Cited Guidance: Equal to the latest value of EXENDTC (or the latest value of\n                  EXSTDTC if EXENDTC was not collected or is missing).\n                Document: IG v3.2\n                Item: Specification\n                Section: '5'\nScope:\n  Classes:\n    Include:\n      - SPECIAL PURPOSE\n  Domains:\n    Include:\n      - DM\n",
    "created": "2022-02-05T06:00:50Z",
    "creator": {
        "id": "ff471ff8-f131-4cf5-9712-c79cce6301a1"
    },
    "json": {
        "Check": {
            "all": [
                {
                    "name": "USUBJID",
                    "operator": "is_contained_by",
                    "value": "$ex_usubjid"
                },
                {
                    "name": "RFXENDTC",
                    "operator": "not_equal_to",
                    "value": "$max_ex_exstdtc"
                },
                {
                    "name": "RFXENDTC",
                    "operator": "not_equal_to",
                    "value": "$max_ex_exendtc"
                }
            ]
        },
        "Core": {
            "Id": "CORE-000238",
            "Version": "1",
            "Status": "Published"
        },
        "Description": "Raise an error when EX records are present for subject but RFXENDTC does not equal the latest value of EX.EXSTDTC or EX.EXENDTC",
        "Operations": [
            {
                "operator": "distinct",
                "domain": "EX",
                "name": "USUBJID",
                "id": "$ex_usubjid"
            },
            {
                "operator": "max_date",
                "domain": "EX",
                "name": "EXSTDTC",
                "id": "$max_ex_exstdtc",
                "group": [
                    "USUBJID"
                ]
            },
            {
                "operator": "max_date",
                "domain": "EX",
                "name": "EXENDTC",
                "id": "$max_ex_exendtc",
                "group": [
                    "USUBJID"
                ]
            }
        ],
        "Outcome": {
            "Message": "RFXENDTC does not equal the latest value of EX.EXSTDTC or EX.EXENDTC",
            "Output_Variables": [
                "RFXENDTC",
                "$max_ex_exstdtc",
                "$max_ex_exendtc"
            ]
        },
        "Sensitivity": "Record",
        "Executability": "Fully Executable",
        "Authorities": [
            {
                "Organization": "CDISC",
                "Standards": [
                    {
                        "Name": "SDTMIG",
                        "Version": "3.4",
                        "References": [
                            {
                                "Origin": "SDTM and SDTMIG Conformance Rules",
                                "Version": "2.0",
                                "Citations": [
                                    {
                                        "Document": "IG v3.4",
                                        "Item": "Specification",
                                        "Section": "5.2",
                                        "Cited_Guidance": "Equal to the latest value of EXENDTC (or the latest value of EXSTDTC if EXENDTC was not collected or is missing)."
                                    }
                                ],
                                "Rule_Identifier": {
                                    "Id": "CG0147",
                                    "Version": "1"
                                }
                            }
                        ]
                    },
                    {
                        "Name": "SDTMIG",
                        "Version": "3.3",
                        "References": [
                            {
                                "Origin": "SDTM and SDTMIG Conformance Rules",
                                "Version": "2.0",
                                "Citations": [
                                    {
                                        "Document": "IG v3.3",
                                        "Item": "Specification",
                                        "Section": "5.2",
                                        "Cited_Guidance": "Equal to the latest value of EXENDTC (or the latest value of EXSTDTC if EXENDTC was not collected or is missing)."
                                    }
                                ],
                                "Rule_Identifier": {
                                    "Id": "CG0147",
                                    "Version": "1"
                                }
                            }
                        ]
                    },
                    {
                        "Name": "SDTMIG",
                        "Version": "3.2",
                        "References": [
                            {
                                "Origin": "SDTM and SDTMIG Conformance Rules",
                                "Version": "2.0",
                                "Citations": [
                                    {
                                        "Document": "IG v3.2",
                                        "Item": "Specification",
                                        "Section": "5",
                                        "Cited_Guidance": "Equal to the latest value of EXENDTC (or the latest value of EXSTDTC if EXENDTC was not collected or is missing)."
                                    }
                                ],
                                "Rule_Identifier": {
                                    "Id": "CG0147",
                                    "Version": "1"
                                }
                            }
                        ]
                    }
                ]
            }
        ],
        "Scope": {
            "Classes": {
                "Include": [
                    "SPECIAL PURPOSE"
                ]
            },
            "Domains": {
                "Include": [
                    "DM"
                ]
            }
        },
        "Rule_Type": "Record Data"
    },
    "_rid": "+4oQAKOYNXzGjAAAAAAAAA==",
    "_self": "dbs/+4oQAA==/colls/+4oQAKOYNXw=/docs/+4oQAKOYNXzGjAAAAAAAAA==/",
    "_etag": "\"e90281e0-0000-0700-0000-6439bbda0000\"",
    "_attachments": "attachments/",
    "_ts": 1681505242
}