{
    "id": "c4b86e9b-bec2-4ac0-8730-b85cac1f6b44",
    "created": "2023-04-12T14:25:40Z",
    "changed": "2023-04-14T20:35:06Z",
    "creator": {
        "id": "dd0f9aa3-68f9-4825-84a4-86c8303daaff"
    },
    "json": {
        "Authorities": [
            {
                "Organization": "CDISC",
                "Standards": [
                    {
                        "Name": "SDTMIG",
                        "Version": "3.2",
                        "References": [
                            {
                                "Origin": "SDTM and SDTMIG Conformance Rules",
                                "Version": "2.0",
                                "Citations": [
                                    {
                                        "Document": "IG v3.2",
                                        "Item": "Specification",
                                        "Section": "5",
                                        "Cited_Guidance": "Values should be \"SCRNFAIL\" for screen failures and \"NOTASSGN\" for subjects not assigned to treatment."
                                    }
                                ],
                                "Rule_Identifier": {
                                    "Id": "CG0127",
                                    "Version": "1"
                                }
                            }
                        ]
                    }
                ]
            }
        ],
        "Core": {
            "Id": "CDISC.SDTMIG.CG0127",
            "Version": "1",
            "Status": "Draft"
        },
        "Description": "",
        "Outcome": {
            "Message": ""
        },
        "Sensitivity": "Record",
        "Scope": {
            "Classes": {
                "Include": [
                    "SPECIAL PURPOSE"
                ]
            },
            "Domains": {
                "Include": [
                    "DM"
                ]
            }
        },
        "Executability": "Partially Executable",
        "Check": {
            "all": []
        },
        "Rule_Type": "Record Data"
    },
    "content": "# Variable: ACTARMCD\n# Condition: ACTARMCD in ('SCRNFAIL', 'NOTASSGN')\n# Rule: ACTARMCD = ARMCD\nAuthorities:\n  - Organization: CDISC\n    Standards:\n      - Name: SDTMIG\n        Version: '3.2'\n        References:\n          - Origin: SDTM and SDTMIG Conformance Rules\n            Version: '2.0'\n            Citations:\n              - Document: IG v3.2\n                Item: Specification\n                Section: '5'\n                Cited Guidance: Values should be \"SCRNFAIL\" for screen failures and\n                  \"NOTASSGN\" for subjects not assigned to treatment.\n            Rule Identifier:\n              Id: CG0127\n              Version: '1'\nCore:\n  Id: CDISC.SDTMIG.CG0127\n  Version: '1'\n  Status: Draft\nDescription: ''\nOutcome:\n  Message: ''\nSensitivity: Record\nScope:\n  Classes:\n    Include:\n      - SPECIAL PURPOSE\n  Domains:\n    Include:\n      - DM\nExecutability: Partially Executable\nCheck:\n  all: []\nRule Type: Record Data\n",
    "_rid": "+4oQAKOYNXzKiQAAAAAAAA==",
    "_self": "dbs/+4oQAA==/colls/+4oQAKOYNXw=/docs/+4oQAKOYNXzKiQAAAAAAAA==/",
    "_etag": "\"e902a073-0000-0700-0000-6439b8fb0000\"",
    "_attachments": "attachments/",
    "_ts": 1681504507
}