{
    "id": "2730ced8-8ad1-4e45-8f70-fb079a0d5ecf",
    "created": "2023-04-12T14:25:37Z",
    "changed": "2023-04-14T20:35:01Z",
    "creator": {
        "id": "dd0f9aa3-68f9-4825-84a4-86c8303daaff"
    },
    "json": {
        "Authorities": [
            {
                "Organization": "CDISC",
                "Standards": [
                    {
                        "Name": "SDTMIG",
                        "Version": "3.2",
                        "References": [
                            {
                                "Origin": "SDTM and SDTMIG Conformance Rules",
                                "Version": "2.0",
                                "Citations": [
                                    {
                                        "Document": "IG v3.2",
                                        "Item": "Assumption 4",
                                        "Section": "5",
                                        "Cited_Guidance": "Data for screen failure subjects, if submitted, should be included in the Demographics dataset, with ARMCD = \"SCRNFAIL' and ARM = \"Screen Failure\". Subjects withdrawn from a trial before assignment to an Arm, if they are not screen failures, should have ARMCD ='NOTASSGN' and ARM = 'Not Assigned'."
                                    }
                                ],
                                "Rule_Identifier": {
                                    "Id": "CG0122",
                                    "Version": "1"
                                }
                            }
                        ]
                    }
                ]
            }
        ],
        "Core": {
            "Id": "CDISC.SDTMIG.CG0122",
            "Version": "1",
            "Status": "Draft"
        },
        "Description": "",
        "Outcome": {
            "Message": ""
        },
        "Sensitivity": "Record",
        "Scope": {
            "Classes": {
                "Include": [
                    "SPECIAL PURPOSE"
                ]
            },
            "Domains": {
                "Include": [
                    "DM"
                ]
            }
        },
        "Executability": "Partially Executable",
        "Check": {
            "all": []
        },
        "Rule_Type": "Record Data"
    },
    "content": "# Variable: ARM\n# Condition: ARM in ('Screen Failure', 'Not Assigned')\n# Rule: ARM = ACTARM\nAuthorities:\n  - Organization: CDISC\n    Standards:\n      - Name: SDTMIG\n        Version: '3.2'\n        References:\n          - Origin: SDTM and SDTMIG Conformance Rules\n            Version: '2.0'\n            Citations:\n              - Document: IG v3.2\n                Item: Assumption 4\n                Section: '5'\n                Cited Guidance: Data for screen failure subjects, if submitted, should\n                  be included in the Demographics dataset, with ARMCD = \"SCRNFAIL'\n                  and ARM = \"Screen Failure\". Subjects withdrawn from a trial before\n                  assignment to an Arm, if they are not screen failures, should have\n                  ARMCD ='NOTASSGN' and ARM = 'Not Assigned'.\n            Rule Identifier:\n              Id: CG0122\n              Version: '1'\nCore:\n  Id: CDISC.SDTMIG.CG0122\n  Version: '1'\n  Status: Draft\nDescription: ''\nOutcome:\n  Message: ''\nSensitivity: Record\nScope:\n  Classes:\n    Include:\n      - SPECIAL PURPOSE\n  Domains:\n    Include:\n      - DM\nExecutability: Partially Executable\nCheck:\n  all: []\nRule Type: Record Data\n",
    "_rid": "+4oQAKOYNXzFiQAAAAAAAA==",
    "_self": "dbs/+4oQAA==/colls/+4oQAKOYNXw=/docs/+4oQAKOYNXzFiQAAAAAAAA==/",
    "_etag": "\"e9028472-0000-0700-0000-6439b8f60000\"",
    "_attachments": "attachments/",
    "_ts": 1681504502
}