{
    "id": "c3683dc7-ded7-48ee-a48a-d643ef5b5439",
    "changed": "2023-03-07T14:35:35.455Z",
    "content": "Check:\n  all:\n    - name: SSSTRESC\n      operator: equal_to\n      value: DEAD\n      value_is_literal: true\n    - name: SSDTC\n      operator: date_less_than\n      value: DTHDTC\nCore:\n  Id: CORE-000259\n  Version: '1'\n  Status: Published\nDescription: Raise an error when SSSTRESC = 'DEAD' and SSDTC < DM.DTHDTC.\nMatch Datasets:\n  - Name: DM\n    Keys:\n      - USUBJID\nOutcome:\n  Message: SSSTRESC = 'DEAD', but SSDTC < DM.DTHDTC.\n  Output Variables:\n    - SSSTRESC\n    - SSDTC\n    - DTHDTC\nRule Type: Record Data\nSensitivity: Record\nExecutability: Fully Executable\nAuthorities:\n  - Organization: CDISC\n    Standards:\n      - Name: SDTMIG\n        Version: '3.4'\n        References:\n          - Origin: SDTM and SDTMIG Conformance Rules\n            Rule Identifier:\n              Id: CG0171\n              Version: '1'\n            Version: '2.0'\n            Citations:\n              - Cited Guidance: Subject Status does not contain details about the circumstances\n                  of a subject's status. The response to the status assessment\n                  may trigger collection of additional details, but those\n                  details are to be stored in appropriate separate domains. For\n                  example, if a subject's survival status is \"DEAD\", the date of\n                  death must be stored in DM and within a final disposition\n                  record in DS. Only the status collection date, the status\n                  question, and the status response are stored in SS.\n                Document: IG v3.4\n                Item: Assumption 1\n                Section: 6.3.11\n      - Name: SDTMIG\n        Version: '3.3'\n        References:\n          - Origin: SDTM and SDTMIG Conformance Rules\n            Rule Identifier:\n              Id: CG0171\n              Version: '1'\n            Version: '2.0'\n            Citations:\n              - Cited Guidance: Subject Status does not contain details about the circumstances\n                  of a subject's status. The response to the status assessment\n                  may trigger collection of additional details but those details\n                  are to be stored in appropriate separate domains. For example,\n                  if a subject's Survival Status is \"DEAD\", the date of death\n                  must be stored in DM and within a final disposition record in\n                  DS. Only the status collection date, the status question and\n                  the status response are stored in SS.\n                Document: IG v3.3\n                Item: Assumption 1\n                Section: 6.3.15\n      - Name: SDTMIG\n        Version: '3.2'\n        References:\n          - Origin: SDTM and SDTMIG Conformance Rules\n            Rule Identifier:\n              Id: CG0171\n              Version: '1'\n            Version: '2.0'\n            Citations:\n              - Cited Guidance: Subject Status does not contain details about the circumstances\n                  of a subject's status. The response to the status assessment\n                  may trigger collection of additional details but those details\n                  are to be stored in appropriate separate domains. For example,\n                  if a subject's Survival Status is \"DEAD\", the date of death\n                  must be stored in DM and within a final disposition record in\n                  DS. Only the status collection date, the status question and\n                  the status response are stored in SS.\n                Document: IG v3.2\n                Item: Assumption 2\n                Section: 6.3.\nScope:\n  Classes:\n    Include:\n      - FINDINGS\n  Domains:\n    Include:\n      - SS\n",
    "created": "2021-10-28T13:01:42Z",
    "creator": {
        "id": "02c3c969-4787-4d57-b164-e2851035c0e8"
    },
    "json": {
        "Check": {
            "all": [
                {
                    "name": "SSSTRESC",
                    "operator": "equal_to",
                    "value": "DEAD",
                    "value_is_literal": true
                },
                {
                    "name": "SSDTC",
                    "operator": "date_less_than",
                    "value": "DTHDTC"
                }
            ]
        },
        "Core": {
            "Id": "CORE-000259",
            "Version": "1",
            "Status": "Published"
        },
        "Description": "Raise an error when SSSTRESC = 'DEAD' and SSDTC < DM.DTHDTC.",
        "Outcome": {
            "Message": "SSSTRESC = 'DEAD', but SSDTC < DM.DTHDTC.",
            "Output_Variables": [
                "SSSTRESC",
                "SSDTC",
                "DTHDTC"
            ]
        },
        "Sensitivity": "Record",
        "Executability": "Fully Executable",
        "Authorities": [
            {
                "Organization": "CDISC",
                "Standards": [
                    {
                        "Name": "SDTMIG",
                        "Version": "3.4",
                        "References": [
                            {
                                "Origin": "SDTM and SDTMIG Conformance Rules",
                                "Version": "2.0",
                                "Citations": [
                                    {
                                        "Document": "IG v3.4",
                                        "Item": "Assumption 1",
                                        "Section": "6.3.11",
                                        "Cited_Guidance": "Subject Status does not contain details about the circumstances of a subject's status. The response to the status assessment may trigger collection of additional details, but those details are to be stored in appropriate separate domains. For example, if a subject's survival status is \"DEAD\", the date of death must be stored in DM and within a final disposition record in DS. Only the status collection date, the status question, and the status response are stored in SS."
                                    }
                                ],
                                "Rule_Identifier": {
                                    "Id": "CG0171",
                                    "Version": "1"
                                }
                            }
                        ]
                    },
                    {
                        "Name": "SDTMIG",
                        "Version": "3.3",
                        "References": [
                            {
                                "Origin": "SDTM and SDTMIG Conformance Rules",
                                "Version": "2.0",
                                "Citations": [
                                    {
                                        "Document": "IG v3.3",
                                        "Item": "Assumption 1",
                                        "Section": "6.3.15",
                                        "Cited_Guidance": "Subject Status does not contain details about the circumstances of a subject's status. The response to the status assessment may trigger collection of additional details but those details are to be stored in appropriate separate domains. For example, if a subject's Survival Status is \"DEAD\", the date of death must be stored in DM and within a final disposition record in DS. Only the status collection date, the status question and the status response are stored in SS."
                                    }
                                ],
                                "Rule_Identifier": {
                                    "Id": "CG0171",
                                    "Version": "1"
                                }
                            }
                        ]
                    },
                    {
                        "Name": "SDTMIG",
                        "Version": "3.2",
                        "References": [
                            {
                                "Origin": "SDTM and SDTMIG Conformance Rules",
                                "Version": "2.0",
                                "Citations": [
                                    {
                                        "Document": "IG v3.2",
                                        "Item": "Assumption 2",
                                        "Section": "6.3.",
                                        "Cited_Guidance": "Subject Status does not contain details about the circumstances of a subject's status. The response to the status assessment may trigger collection of additional details but those details are to be stored in appropriate separate domains. For example, if a subject's Survival Status is \"DEAD\", the date of death must be stored in DM and within a final disposition record in DS. Only the status collection date, the status question and the status response are stored in SS."
                                    }
                                ],
                                "Rule_Identifier": {
                                    "Id": "CG0171",
                                    "Version": "1"
                                }
                            }
                        ]
                    }
                ]
            }
        ],
        "Scope": {
            "Classes": {
                "Include": [
                    "FINDINGS"
                ]
            },
            "Domains": {
                "Include": [
                    "SS"
                ]
            }
        },
        "Match_Datasets": [
            {
                "Name": "DM",
                "Keys": [
                    "USUBJID"
                ]
            }
        ],
        "Rule_Type": "Record Data"
    },
    "_rid": "+4oQAKOYNXy5iwAAAAAAAA==",
    "_self": "dbs/+4oQAA==/colls/+4oQAKOYNXw=/docs/+4oQAKOYNXy5iwAAAAAAAA==/",
    "_etag": "\"e90231c1-0000-0700-0000-6439bb1b0000\"",
    "_attachments": "attachments/",
    "_ts": 1681505051
}