{
    "id": "f9b2e400-9c3f-4d28-9c37-78f23ec3f738",
    "changed": "2023-03-17T16:15:48.618Z",
    "content": "Check:\n  all:\n    - name: VISITNUM\n      operator: is_not_contained_by\n      value: $tv_visitnum\n    - name: VISITDY\n      operator: non_empty\nCore:\n  Id: CORE-000140\n  Version: '1'\n  Status: Published\nDescription: Trigger error if VISITDY is populated when VISITNUM is not in TV.\nOperations:\n  - domain: TV\n    id: $tv_visitnum\n    name: VISITNUM\n    operator: distinct\nOutcome:\n  Message: VISITDY is not null when VISITNUM is not in TV.VISITNUM\n  Output Variables:\n    - VISITNUM\n    - VISITDY\nRule Type: Record Data\nSensitivity: Record\nExecutability: Fully Executable\nAuthorities:\n  - Organization: CDISC\n    Standards:\n      - Name: SDTMIG\n        Version: '3.4'\n        References:\n          - Origin: SDTM and SDTMIG Conformance Rules\n            Rule Identifier:\n              Id: CG0225\n              Version: '1'\n            Version: '2.0'\n            Citations:\n              - Cited Guidance: VISITDY must not be populated for unplanned visits, since\n                  VISITDY is, by definition, the planned study day of visit, and\n                  since the actual study day of an unplanned visit belongs in a\n                  --DY variable.\n                Document: IG v3.4\n                Section: 4.4.5\n      - Name: SDTMIG\n        Version: '3.3'\n        References:\n          - Origin: SDTM and SDTMIG Conformance Rules\n            Rule Identifier:\n              Id: CG0225\n              Version: '1'\n            Version: '2.0'\n            Citations:\n              - Cited Guidance: VISITDY must not be populated for unplanned visits, since\n                  VISITDY is, by definition, the planned study day of visit, and\n                  since the actual study day of an unplanned visit belongs in a\n                  --DY variable.\n                Document: IG v3.3\n                Section: 4.4.5\n      - Name: SDTMIG\n        Version: '3.2'\n        References:\n          - Origin: SDTM and SDTMIG Conformance Rules\n            Rule Identifier:\n              Id: CG0225\n              Version: '1'\n            Version: '2.0'\n            Citations:\n              - Cited Guidance: VISITDY must not be populated for unplanned visits, since\n                  VISITDY is, by definition, the planned study day of visit, and\n                  since the actual study day of an unplanned visit belongs in a\n                  --DY variable.\n                Document: IG v3.2\n                Section: 4.1.4.5\nScope:\n  Classes:\n    Include:\n      - ALL\n  Domains:\n    Include:\n      - ALL\n",
    "created": "2021-10-16T11:19:49Z",
    "creator": {
        "id": "ff471ff8-f131-4cf5-9712-c79cce6301a1"
    },
    "json": {
        "Check": {
            "all": [
                {
                    "name": "VISITNUM",
                    "operator": "is_not_contained_by",
                    "value": "$tv_visitnum"
                },
                {
                    "name": "VISITDY",
                    "operator": "non_empty"
                }
            ]
        },
        "Core": {
            "Id": "CORE-000140",
            "Version": "1",
            "Status": "Published"
        },
        "Description": "Trigger error if VISITDY is populated when VISITNUM is not in TV.",
        "Operations": [
            {
                "domain": "TV",
                "id": "$tv_visitnum",
                "name": "VISITNUM",
                "operator": "distinct"
            }
        ],
        "Outcome": {
            "Message": "VISITDY is not null when VISITNUM is not in TV.VISITNUM",
            "Output_Variables": [
                "VISITNUM",
                "VISITDY"
            ]
        },
        "Sensitivity": "Record",
        "Executability": "Fully Executable",
        "Authorities": [
            {
                "Organization": "CDISC",
                "Standards": [
                    {
                        "Name": "SDTMIG",
                        "Version": "3.4",
                        "References": [
                            {
                                "Origin": "SDTM and SDTMIG Conformance Rules",
                                "Version": "2.0",
                                "Citations": [
                                    {
                                        "Document": "IG v3.4",
                                        "Section": "4.4.5",
                                        "Cited_Guidance": "VISITDY must not be populated for unplanned visits, since VISITDY is, by definition, the planned study day of visit, and since the actual study day of an unplanned visit belongs in a --DY variable."
                                    }
                                ],
                                "Rule_Identifier": {
                                    "Id": "CG0225",
                                    "Version": "1"
                                }
                            }
                        ]
                    },
                    {
                        "Name": "SDTMIG",
                        "Version": "3.3",
                        "References": [
                            {
                                "Origin": "SDTM and SDTMIG Conformance Rules",
                                "Version": "2.0",
                                "Citations": [
                                    {
                                        "Document": "IG v3.3",
                                        "Section": "4.4.5",
                                        "Cited_Guidance": "VISITDY must not be populated for unplanned visits, since VISITDY is, by definition, the planned study day of visit, and since the actual study day of an unplanned visit belongs in a --DY variable."
                                    }
                                ],
                                "Rule_Identifier": {
                                    "Id": "CG0225",
                                    "Version": "1"
                                }
                            }
                        ]
                    },
                    {
                        "Name": "SDTMIG",
                        "Version": "3.2",
                        "References": [
                            {
                                "Origin": "SDTM and SDTMIG Conformance Rules",
                                "Version": "2.0",
                                "Citations": [
                                    {
                                        "Document": "IG v3.2",
                                        "Section": "4.1.4.5",
                                        "Cited_Guidance": "VISITDY must not be populated for unplanned visits, since VISITDY is, by definition, the planned study day of visit, and since the actual study day of an unplanned visit belongs in a --DY variable."
                                    }
                                ],
                                "Rule_Identifier": {
                                    "Id": "CG0225",
                                    "Version": "1"
                                }
                            }
                        ]
                    }
                ]
            }
        ],
        "Scope": {
            "Classes": {
                "Include": [
                    "ALL"
                ]
            },
            "Domains": {
                "Include": [
                    "ALL"
                ]
            }
        },
        "Rule_Type": "Record Data"
    },
    "_rid": "+4oQAKOYNXxaiwAAAAAAAA==",
    "_self": "dbs/+4oQAA==/colls/+4oQAKOYNXw=/docs/+4oQAKOYNXxaiwAAAAAAAA==/",
    "_etag": "\"e9021db6-0000-0700-0000-6439bad80000\"",
    "_attachments": "attachments/",
    "_ts": 1681504984
}