{
    "id": "973fe890-9828-44e7-8006-1f959f69d2e6",
    "changed": "2023-03-08T19:48:53.757Z",
    "content": "Check:\n  all:\n    - name: IDVARVAL\n      operator: empty\n    - name: USUBJID\n      operator: empty\n    - name: IDVAR\n      operator: ends_with\n      value: SEQ\nCore:\n  Id: CORE-000136\n  Version: '1'\n  Status: Draft\nDescription: Raise an error when IDVARVAL and USUBJID are empty and IDVAR = Sequence Number.\nOutcome:\n  Message: IDVARVAL and USUBJID are not completed, but IDVAR equals Sequence Number.\n  Output Variables:\n    - RDOMAIN\n    - IDVAR\n    - IDVARVAL\n    - RELID\nRule Type: Record Data\nSensitivity: Record\nExecutability: Fully Executable\nAuthorities:\n  - Organization: CDISC\n    Standards:\n      - Name: SDTMIG\n        Version: '3.4'\n        References:\n          - Origin: SDTM and SDTMIG Conformance Rules\n            Rule Identifier:\n              Id: CG0201\n              Version: '1'\n            Version: '2.0'\n            Citations:\n              - Cited Guidance: This example shows how to use the RELREC dataset to represent\n                  related information that is submitted as two datasets that\n                  have a one-to-many relationship. in the example below  all the\n                  records in one domain are being related to all of the records\n                  in the other, so both  USUBJID and IDVARVAL are null.... Since\n                  IDVAR identifies the keys that can be used to\n                  merge/join  records between the datasets, --SEQ cannot be used\n                  because --SEQ only has meaning within a subject within a\n                  dataset, not across datasets.\n                Document: IG v3.4\n                Section: 8.3.1 RELREC Dataset Relationship Example\n      - Name: SDTMIG\n        Version: '3.3'\n        References:\n          - Origin: SDTM and SDTMIG Conformance Rules\n            Rule Identifier:\n              Id: CG0201\n              Version: '1'\n            Version: '2.0'\n            Citations:\n              - Cited Guidance: This example shows how to use the RELREC dataset to represent\n                  related information that is submitted as two datasets that\n                  have a one-to-many relationship. in the example below all the\n                  records in one domain are being related to all of the records\n                  in the other, so both USUBJID and IDVARVAL are null.\n                Document: IG v3.3\n                Section: 8.3.1 RELREC Dataset Relationship Example\n      - Name: SDTMIG\n        Version: '3.2'\n        References:\n          - Origin: SDTM and SDTMIG Conformance Rules\n            Rule Identifier:\n              Id: CG0201\n              Version: '1'\n            Version: '2.0'\n            Citations:\n              - Cited Guidance: This example shows how to use the RELREC dataset to represent\n                  related information that is submitted as two datasets that\n                  have a one-to-many relationship. in the example below all the\n                  records in one domain are being related to all of the records\n                  in the other, so both USUBJID and IDVARVAL are null.\n                Document: IG v3.2\n                Section: 8.3.1 RELREC Dataset Relationship Example\nScope:\n  Classes:\n    Include:\n      - RELATIONSHIP\n  Domains:\n    Include:\n      - RELREC\n",
    "created": "2021-10-13T12:53:04Z",
    "creator": {
        "id": "02c3c969-4787-4d57-b164-e2851035c0e8"
    },
    "json": {
        "Check": {
            "all": [
                {
                    "name": "IDVARVAL",
                    "operator": "empty"
                },
                {
                    "name": "USUBJID",
                    "operator": "empty"
                },
                {
                    "name": "IDVAR",
                    "operator": "ends_with",
                    "value": "SEQ"
                }
            ]
        },
        "Core": {
            "Id": "CORE-000136",
            "Version": "1",
            "Status": "Draft"
        },
        "Description": "Raise an error when IDVARVAL and USUBJID are empty and IDVAR = Sequence Number.",
        "Outcome": {
            "Message": "IDVARVAL and USUBJID are not completed, but IDVAR equals Sequence Number.",
            "Output_Variables": [
                "RDOMAIN",
                "IDVAR",
                "IDVARVAL",
                "RELID"
            ]
        },
        "Sensitivity": "Record",
        "Executability": "Fully Executable",
        "Authorities": [
            {
                "Organization": "CDISC",
                "Standards": [
                    {
                        "Name": "SDTMIG",
                        "Version": "3.4",
                        "References": [
                            {
                                "Origin": "SDTM and SDTMIG Conformance Rules",
                                "Version": "2.0",
                                "Citations": [
                                    {
                                        "Document": "IG v3.4",
                                        "Section": "8.3.1 RELREC Dataset Relationship Example",
                                        "Cited_Guidance": "This example shows how to use the RELREC dataset to represent related information that is submitted as two datasets that have a one-to-many relationship. in the example below  all the records in one domain are being related to all of the records in the other, so both  USUBJID and IDVARVAL are null.... Since IDVAR identifies the keys that can be used to merge/join  records between the datasets, --SEQ cannot be used because --SEQ only has meaning within a subject within a dataset, not across datasets."
                                    }
                                ],
                                "Rule_Identifier": {
                                    "Id": "CG0201",
                                    "Version": "1"
                                }
                            }
                        ]
                    },
                    {
                        "Name": "SDTMIG",
                        "Version": "3.3",
                        "References": [
                            {
                                "Origin": "SDTM and SDTMIG Conformance Rules",
                                "Version": "2.0",
                                "Citations": [
                                    {
                                        "Document": "IG v3.3",
                                        "Section": "8.3.1 RELREC Dataset Relationship Example",
                                        "Cited_Guidance": "This example shows how to use the RELREC dataset to represent related information that is submitted as two datasets that have a one-to-many relationship. in the example below all the records in one domain are being related to all of the records in the other, so both USUBJID and IDVARVAL are null."
                                    }
                                ],
                                "Rule_Identifier": {
                                    "Id": "CG0201",
                                    "Version": "1"
                                }
                            }
                        ]
                    },
                    {
                        "Name": "SDTMIG",
                        "Version": "3.2",
                        "References": [
                            {
                                "Origin": "SDTM and SDTMIG Conformance Rules",
                                "Version": "2.0",
                                "Citations": [
                                    {
                                        "Document": "IG v3.2",
                                        "Section": "8.3.1 RELREC Dataset Relationship Example",
                                        "Cited_Guidance": "This example shows how to use the RELREC dataset to represent related information that is submitted as two datasets that have a one-to-many relationship. in the example below all the records in one domain are being related to all of the records in the other, so both USUBJID and IDVARVAL are null."
                                    }
                                ],
                                "Rule_Identifier": {
                                    "Id": "CG0201",
                                    "Version": "1"
                                }
                            }
                        ]
                    }
                ]
            }
        ],
        "Scope": {
            "Classes": {
                "Include": [
                    "RELATIONSHIP"
                ]
            },
            "Domains": {
                "Include": [
                    "RELREC"
                ]
            }
        },
        "Rule_Type": "Record Data"
    },
    "_rid": "+4oQAKOYNXxFiwAAAAAAAA==",
    "_self": "dbs/+4oQAA==/colls/+4oQAKOYNXw=/docs/+4oQAKOYNXxFiwAAAAAAAA==/",
    "_etag": "\"e9024ab4-0000-0700-0000-6439bac90000\"",
    "_attachments": "attachments/",
    "_ts": 1681504969
}