{
    "id": "c80fc57f-7eb8-4b0a-944a-afe3047952dc",
    "changed": "2023-03-20T20:36:41.262Z",
    "content": "Check:\n  all:\n    - name: TAETORD\n      operator: is_not_unique_set\n      value:\n        - ARM\nCore:\n  Id: CORE-000144\n  Version: '1'\n  Status: Draft\nDescription: Trigger error when TAETORD is not unique within an ARM\nOutcome:\n  Message: TAETORD is not unique within ARM\n  Output Variables:\n    - TAETORD\n    - ARM\nRule Type: Record Data\nSensitivity: Record\nExecutability: Fully Executable\nAuthorities:\n  - Organization: CDISC\n    Standards:\n      - Name: SDTMIG\n        Version: '3.4'\n        References:\n          - Origin: SDTM and SDTMIG Conformance Rules\n            Rule Identifier:\n              Id: CG0247\n              Version: '1'\n            Version: '2.0'\n            Citations:\n              - Cited Guidance: Number that gives the order of the Element within\n                  the Arm.\n                Document: IG v3.4\n                Item: Specification\n                Section: 7.2.1\n      - Name: SDTMIG\n        Version: '3.3'\n        References:\n          - Origin: SDTM and SDTMIG Conformance Rules\n            Rule Identifier:\n              Id: CG0247\n              Version: '1'\n            Version: '2.0'\n            Citations:\n              - Cited Guidance: Number that gives the order of the Element within\n                  the Arm.\n                Document: IG v3.3\n                Item: Specification\n                Section: '7.2'\n      - Name: SDTMIG\n        Version: '3.2'\n        References:\n          - Origin: SDTM and SDTMIG Conformance Rules\n            Rule Identifier:\n              Id: CG0247\n              Version: '1'\n            Version: '2.0'\n            Citations:\n              - Cited Guidance: Number that gives the order of the Element within\n                  the Arm.\n                Document: IG v3.2\n                Item: Specification\n                Section: '7.2'\nScope:\n  Classes:\n    Include:\n      - TRIAL DESIGN\n  Domains:\n    Include:\n      - TA\n",
    "created": "2021-10-17T04:34:32Z",
    "creator": {
        "id": "ff471ff8-f131-4cf5-9712-c79cce6301a1"
    },
    "json": {
        "Check": {
            "all": [
                {
                    "name": "TAETORD",
                    "operator": "is_not_unique_set",
                    "value": [
                        "ARM"
                    ]
                }
            ]
        },
        "Core": {
            "Id": "CORE-000144",
            "Version": "1",
            "Status": "Draft"
        },
        "Description": "Trigger error when TAETORD is not unique within an ARM",
        "Outcome": {
            "Message": "TAETORD is not unique within ARM",
            "Output_Variables": [
                "TAETORD",
                "ARM"
            ]
        },
        "Sensitivity": "Record",
        "Executability": "Fully Executable",
        "Authorities": [
            {
                "Organization": "CDISC",
                "Standards": [
                    {
                        "Name": "SDTMIG",
                        "Version": "3.4",
                        "References": [
                            {
                                "Origin": "SDTM and SDTMIG Conformance Rules",
                                "Version": "2.0",
                                "Citations": [
                                    {
                                        "Document": "IG v3.4",
                                        "Item": "Specification",
                                        "Section": "7.2.1",
                                        "Cited_Guidance": "Number that gives the order of the Element within the Arm."
                                    }
                                ],
                                "Rule_Identifier": {
                                    "Id": "CG0247",
                                    "Version": "1"
                                }
                            }
                        ]
                    },
                    {
                        "Name": "SDTMIG",
                        "Version": "3.3",
                        "References": [
                            {
                                "Origin": "SDTM and SDTMIG Conformance Rules",
                                "Version": "2.0",
                                "Citations": [
                                    {
                                        "Document": "IG v3.3",
                                        "Item": "Specification",
                                        "Section": "7.2",
                                        "Cited_Guidance": "Number that gives the order of the Element within the Arm."
                                    }
                                ],
                                "Rule_Identifier": {
                                    "Id": "CG0247",
                                    "Version": "1"
                                }
                            }
                        ]
                    },
                    {
                        "Name": "SDTMIG",
                        "Version": "3.2",
                        "References": [
                            {
                                "Origin": "SDTM and SDTMIG Conformance Rules",
                                "Version": "2.0",
                                "Citations": [
                                    {
                                        "Document": "IG v3.2",
                                        "Item": "Specification",
                                        "Section": "7.2",
                                        "Cited_Guidance": "Number that gives the order of the Element within the Arm."
                                    }
                                ],
                                "Rule_Identifier": {
                                    "Id": "CG0247",
                                    "Version": "1"
                                }
                            }
                        ]
                    }
                ]
            }
        ],
        "Scope": {
            "Classes": {
                "Include": [
                    "TRIAL DESIGN"
                ]
            },
            "Domains": {
                "Include": [
                    "TA"
                ]
            }
        },
        "Rule_Type": "Record Data"
    },
    "_rid": "+4oQAKOYNXxliwAAAAAAAA==",
    "_self": "dbs/+4oQAA==/colls/+4oQAKOYNXw=/docs/+4oQAKOYNXxliwAAAAAAAA==/",
    "_etag": "\"e90215b8-0000-0700-0000-6439bae00000\"",
    "_attachments": "attachments/",
    "_ts": 1681504992
}