{
    "id": "8a971de5-05ba-4d3f-8952-d26e89ee6d39",
    "created": "2023-04-12T14:27:42Z",
    "changed": "2023-04-12T15:10:08Z",
    "creator": {
        "id": "dd0f9aa3-68f9-4825-84a4-86c8303daaff"
    },
    "json": {
        "Authorities": [
            {
                "Organization": "CDISC",
                "Standards": [
                    {
                        "Name": "SDTMIG",
                        "Version": "3.2",
                        "References": [
                            {
                                "Origin": "SDTM and SDTMIG Conformance Rules",
                                "Version": "2.0",
                                "Citations": [
                                    {
                                        "Document": "IG v3.2",
                                        "Item": "Assumption 3",
                                        "Section": "7.4",
                                        "Cited_Guidance": "Further information about the parameters is included below in Table 1. TSVAL may have controlled terminology depending on the value of TSPARMCD"
                                    }
                                ],
                                "Rule_Identifier": {
                                    "Id": "CG0284",
                                    "Version": "1"
                                }
                            }
                        ]
                    },
                    {
                        "Name": "SDTMIG",
                        "Version": "3.3",
                        "References": [
                            {
                                "Origin": "SDTM and SDTMIG Conformance Rules",
                                "Version": "2.0",
                                "Citations": [
                                    {
                                        "Document": "IG v3.3",
                                        "Item": "Assumption 3",
                                        "Section": "7.4",
                                        "Cited_Guidance": "Further information about the parameters is included Appendix C1, Trial Summary Codes. TSVAL may have controlled terminology depending on the value of TSPARMCD. Conditions for including parameters are included in Appendix C1, Trial Summary Codes."
                                    }
                                ],
                                "Rule_Identifier": {
                                    "Id": "CG0284",
                                    "Version": "1"
                                }
                            }
                        ]
                    }
                ]
            }
        ],
        "Core": {
            "Id": "CDISC.SDTMIG.CG0284",
            "Version": "1",
            "Status": "Draft"
        },
        "Description": "",
        "Outcome": {
            "Message": ""
        },
        "Sensitivity": "Record",
        "Scope": {
            "Classes": {
                "Include": [
                    "TRIAL DESIGN"
                ]
            },
            "Domains": {
                "Include": [
                    "TS"
                ]
            }
        },
        "Executability": "Partially Executable",
        "Check": {
            "all": []
        },
        "Rule_Type": "Record Data"
    },
    "content": "# Variable: TSVAL\n# Condition: TSPARMCD = NARMS\n# Rule: TSVAL is integer and > 0\nAuthorities:\n  - Organization: CDISC\n    Standards:\n      - Name: SDTMIG\n        Version: '3.2'\n        References:\n          - Origin: SDTM and SDTMIG Conformance Rules\n            Version: '2.0'\n            Citations:\n              - Document: IG v3.2\n                Item: Assumption 3\n                Section: '7.4'\n                Cited Guidance: Further information about the parameters is included\n                  below in Table 1. TSVAL may have controlled terminology depending\n                  on the value of TSPARMCD\n            Rule Identifier:\n              Id: CG0284\n              Version: '1'\n      - Name: SDTMIG\n        Version: '3.3'\n        References:\n          - Origin: SDTM and SDTMIG Conformance Rules\n            Version: '2.0'\n            Citations:\n              - Document: IG v3.3\n                Item: Assumption 3\n                Section: '7.4'\n                Cited Guidance: Further information about the parameters is included\n                  Appendix C1, Trial Summary Codes. TSVAL may have controlled terminology\n                  depending on the value of TSPARMCD. Conditions for including parameters\n                  are included in Appendix C1, Trial Summary Codes.\n            Rule Identifier:\n              Id: CG0284\n              Version: '1'\nCore:\n  Id: CDISC.SDTMIG.CG0284\n  Version: '1'\n  Status: Draft\nDescription: ''\nOutcome:\n  Message: ''\nSensitivity: Record\nScope:\n  Classes:\n    Include:\n      - TRIAL DESIGN\n  Domains:\n    Include:\n      - TS\nExecutability: Partially Executable\nCheck:\n  all: []\nRule Type: Record Data\n",
    "_rid": "+4oQAKOYNXwshAAAAAAAAA==",
    "_self": "dbs/+4oQAA==/colls/+4oQAKOYNXw=/docs/+4oQAKOYNXwshAAAAAAAAA==/",
    "_etag": "\"2e026f3e-0000-0700-0000-6436c9d10000\"",
    "_attachments": "attachments/",
    "_ts": 1681312209
}