{
    "id": "36a659e4-3c1d-4f37-b27a-88a9f6469117",
    "created": "2023-04-12T14:26:52Z",
    "changed": "2023-04-12T15:09:07Z",
    "creator": {
        "id": "dd0f9aa3-68f9-4825-84a4-86c8303daaff"
    },
    "json": {
        "Authorities": [
            {
                "Organization": "CDISC",
                "Standards": [
                    {
                        "Name": "SDTMIG",
                        "Version": "3.2",
                        "References": [
                            {
                                "Origin": "SDTM and SDTMIG Conformance Rules",
                                "Version": "2.0",
                                "Citations": [
                                    {
                                        "Document": "IG v3.2",
                                        "Item": "Assumption 3",
                                        "Section": "5 SV",
                                        "Cited_Guidance": "Records for unplanned visits should be included in the SV dataset. For unplanned visits, SVUPDES should be populated with a description of the reason for the unplanned visit. Some judgment may be required to determine what constitutes an unplanned visit. When data are collected outside a planned visit, that act of collecting data may or may not be described as a 'visit.' The encounter should generally be treated as a visit if data from the encounter are included in any domain for which VISITNUM is included, since a record with a missing value for VISITNUM is generally less useful than a record with VISITNUM populated. If the occasion is considered a visit, its date/times must be included in the SV table and a value of VISITNUM must be assigned. See Section 4: 4.1.4.5, Clinical Encounters And Visits for information on the population of visit variables for unplanned visits."
                                    }
                                ],
                                "Rule_Identifier": {
                                    "Id": "CG0214",
                                    "Version": "1"
                                }
                            }
                        ]
                    },
                    {
                        "Name": "SDTMIG",
                        "Version": "3.3",
                        "References": [
                            {
                                "Origin": "SDTM and SDTMIG Conformance Rules",
                                "Version": "2.0",
                                "Citations": [
                                    {
                                        "Document": "IG v3.3",
                                        "Item": "Assumption 3",
                                        "Section": "5.5",
                                        "Cited_Guidance": "Records for unplanned visits should be included in the SV dataset. For unplanned visits, SVUPDES should be populated with a description of the reason for the unplanned visit. Some judgment may be required to determine what constitutes an unplanned visit. When data are collected outside a planned visit, that act of collecting data may or may not be described as a 'visit.' The encounter should generally be treated as a visit if data from the encounter are included in any domain for which VISITNUM is included, since a record with a missing value for VISITNUM is generally less useful than a record with VISITNUM populated. If the occasion is considered a visit, its date/times must be included in the SV table and a value of VISITNUM must be assigned. See Section 4.4.5, Clinical Encounters And Visits for information on the population of visit variables for unplanned visits."
                                    }
                                ],
                                "Rule_Identifier": {
                                    "Id": "CG0214",
                                    "Version": "1"
                                }
                            }
                        ]
                    }
                ]
            }
        ],
        "Core": {
            "Id": "CDISC.SDTMIG.CG0214",
            "Version": "1",
            "Status": "Draft"
        },
        "Description": "",
        "Outcome": {
            "Message": ""
        },
        "Sensitivity": "Record",
        "Scope": {
            "Classes": {
                "Include": [
                    "SPECIAL PURPOSE"
                ]
            },
            "Domains": {
                "Include": [
                    "SV"
                ]
            }
        },
        "Executability": "Partially Executable",
        "Check": {
            "all": []
        },
        "Rule_Type": "Record Data"
    },
    "content": "# Variable: VISITNUM\n# Condition: SVUPDES ^= null\n# Rule: VISITNUM not in TV.VISITNUM\nAuthorities:\n  - Organization: CDISC\n    Standards:\n      - Name: SDTMIG\n        Version: '3.2'\n        References:\n          - Origin: SDTM and SDTMIG Conformance Rules\n            Version: '2.0'\n            Citations:\n              - Document: IG v3.2\n                Item: Assumption 3\n                Section: 5 SV\n                Cited Guidance: \"Records for unplanned visits should be included in\\\n                  \\ the SV dataset. For unplanned visits, SVUPDES should be populated\\\n                  \\ with a description of the reason for the unplanned visit. Some\\\n                  \\ judgment may be required to determine what constitutes an unplanned\\\n                  \\ visit. When data are collected outside a planned visit, that act\\\n                  \\ of collecting data may or may not be described as a 'visit.' The\\\n                  \\ encounter should generally be treated as a visit if data from\\\n                  \\ the encounter are included in any domain for which VISITNUM is\\\n                  \\ included, since a record with a missing value for VISITNUM is\\\n                  \\ generally less useful than a record with VISITNUM populated. If\\\n                  \\ the occasion is considered a visit, its date/times must be included\\\n                  \\ in the SV table and a value of VISITNUM must be assigned. See\\\n                  \\ Section 4: 4.1.4.5, Clinical Encounters And Visits for information\\\n                  \\ on the population of visit variables for unplanned visits.\"\n            Rule Identifier:\n              Id: CG0214\n              Version: '1'\n      - Name: SDTMIG\n        Version: '3.3'\n        References:\n          - Origin: SDTM and SDTMIG Conformance Rules\n            Version: '2.0'\n            Citations:\n              - Document: IG v3.3\n                Item: Assumption 3\n                Section: '5.5'\n                Cited Guidance: Records for unplanned visits should be included in\n                  the SV dataset. For unplanned visits, SVUPDES should be populated\n                  with a description of the reason for the unplanned visit. Some judgment\n                  may be required to determine what constitutes an unplanned visit.\n                  When data are collected outside a planned visit, that act of collecting\n                  data may or may not be described as a 'visit.' The encounter should\n                  generally be treated as a visit if data from the encounter are included\n                  in any domain for which VISITNUM is included, since a record with\n                  a missing value for VISITNUM is generally less useful than a record\n                  with VISITNUM populated. If the occasion is considered a visit,\n                  its date/times must be included in the SV table and a value of VISITNUM\n                  must be assigned. See Section 4.4.5, Clinical Encounters And Visits\n                  for information on the population of visit variables for unplanned\n                  visits.\n            Rule Identifier:\n              Id: CG0214\n              Version: '1'\nCore:\n  Id: CDISC.SDTMIG.CG0214\n  Version: '1'\n  Status: Draft\nDescription: ''\nOutcome:\n  Message: ''\nSensitivity: Record\nScope:\n  Classes:\n    Include:\n      - SPECIAL PURPOSE\n  Domains:\n    Include:\n      - SV\nExecutability: Partially Executable\nCheck:\n  all: []\nRule Type: Record Data\n",
    "_rid": "+4oQAKOYNXzygwAAAAAAAA==",
    "_self": "dbs/+4oQAA==/colls/+4oQAKOYNXw=/docs/+4oQAKOYNXzygwAAAAAAAA==/",
    "_etag": "\"2e02172a-0000-0700-0000-6436c9930000\"",
    "_attachments": "attachments/",
    "_ts": 1681312147
}