{
    "id": "d02b3248-1ea1-470a-a92a-1010e2af0ab4",
    "created": "2023-04-12T14:26:52Z",
    "changed": "2023-04-12T15:09:08Z",
    "creator": {
        "id": "dd0f9aa3-68f9-4825-84a4-86c8303daaff"
    },
    "json": {
        "Authorities": [
            {
                "Organization": "CDISC",
                "Standards": [
                    {
                        "Name": "SDTMIG",
                        "Version": "3.2",
                        "References": [
                            {
                                "Origin": "SDTM and SDTMIG Conformance Rules",
                                "Version": "2.0",
                                "Citations": [
                                    {
                                        "Document": "IG v3.2",
                                        "Item": "Specification",
                                        "Section": "5 SV",
                                        "Cited_Guidance": "Protocol-defined description of clinical encounter."
                                    }
                                ],
                                "Rule_Identifier": {
                                    "Id": "CG0215",
                                    "Version": "1"
                                }
                            }
                        ]
                    },
                    {
                        "Name": "SDTMIG",
                        "Version": "3.3",
                        "References": [
                            {
                                "Origin": "SDTM and SDTMIG Conformance Rules",
                                "Version": "2.0",
                                "Citations": [
                                    {
                                        "Document": "IG v3.3",
                                        "Item": "Specification",
                                        "Section": "5.5",
                                        "Cited_Guidance": "Protocol-defined description of clinical encounter."
                                    }
                                ],
                                "Rule_Identifier": {
                                    "Id": "CG0215",
                                    "Version": "1"
                                }
                            }
                        ]
                    }
                ]
            }
        ],
        "Core": {
            "Id": "CDISC.SDTMIG.CG0215",
            "Version": "1",
            "Status": "Draft"
        },
        "Description": "",
        "Outcome": {
            "Message": ""
        },
        "Sensitivity": "Record",
        "Scope": {
            "Classes": {
                "Include": [
                    "SPECIAL PURPOSE"
                ]
            },
            "Domains": {
                "Include": [
                    "SV"
                ]
            }
        },
        "Executability": "Partially Executable",
        "Check": {
            "all": []
        },
        "Rule_Type": "Record Data"
    },
    "content": "# Variable: VISIT\n# Condition: SVUPDES = null\n# Rule: VISIT in TV.VISIT\nAuthorities:\n  - Organization: CDISC\n    Standards:\n      - Name: SDTMIG\n        Version: '3.2'\n        References:\n          - Origin: SDTM and SDTMIG Conformance Rules\n            Version: '2.0'\n            Citations:\n              - Document: IG v3.2\n                Item: Specification\n                Section: 5 SV\n                Cited Guidance: Protocol-defined description of clinical encounter.\n            Rule Identifier:\n              Id: CG0215\n              Version: '1'\n      - Name: SDTMIG\n        Version: '3.3'\n        References:\n          - Origin: SDTM and SDTMIG Conformance Rules\n            Version: '2.0'\n            Citations:\n              - Document: IG v3.3\n                Item: Specification\n                Section: '5.5'\n                Cited Guidance: Protocol-defined description of clinical encounter.\n            Rule Identifier:\n              Id: CG0215\n              Version: '1'\nCore:\n  Id: CDISC.SDTMIG.CG0215\n  Version: '1'\n  Status: Draft\nDescription: ''\nOutcome:\n  Message: ''\nSensitivity: Record\nScope:\n  Classes:\n    Include:\n      - SPECIAL PURPOSE\n  Domains:\n    Include:\n      - SV\nExecutability: Partially Executable\nCheck:\n  all: []\nRule Type: Record Data\n",
    "_rid": "+4oQAKOYNXzzgwAAAAAAAA==",
    "_self": "dbs/+4oQAA==/colls/+4oQAKOYNXw=/docs/+4oQAKOYNXzzgwAAAAAAAA==/",
    "_etag": "\"2e02692a-0000-0700-0000-6436c9940000\"",
    "_attachments": "attachments/",
    "_ts": 1681312148
}