{
    "id": "cb636666-8724-4384-a4cd-c581a03b33a8",
    "changed": "2023-03-20T19:20:26.081Z",
    "content": "Check:\n  all:\n    - name: VISITNUM\n      operator: not_exists\n    - name: --TPTREF\n      operator: not_exists\n    - name: --TPT\n      operator: is_not_unique_relationship\n      value: --TPTNUM\nCore:\n  Id: CORE-000141\n  Version: '1'\n  Status: Draft\nDescription: Trigger error when VISITNUM and --TPTREF are not present and --TPT and --TPTNUM does not have a one-to-one relationship\nOutcome:\n  Message: --TPT and --TPTNUM do not have a one-to-one relationship\n  Output Variables:\n    - --TPT\n    - --TPTNUM\nRule Type: Record Data\nSensitivity: Record\nExecutability: Fully Executable\nAuthorities:\n  - Organization: CDISC\n    Standards:\n      - Name: SDTMIG\n        Version: '3.4'\n        References:\n          - Origin: SDTM and SDTMIG Conformance Rules\n            Rule Identifier:\n              Id: CG0240\n              Version: '2'\n            Version: '2.0'\n            Citations:\n              - Cited Guidance: Within the context that defines uniqueness for a time point, which may include domain, visit, and reference time point, there must be a one-to-relationship between values of --TPT and --TPTNUM. in other words, if domain, visit, and reference time point uniquely identify subject data, then if two subjects have records with the same values of DOMAIN, VISITNUM, --TPTREF, and --TPTNUM, then these records may not have different time point descriptions in --TPT.\n                Document: IG v3.4\n                Section: 4.4.10\n      - Name: SDTMIG\n        Version: '3.3'\n        References:\n          - Origin: SDTM and SDTMIG Conformance Rules\n            Rule Identifier:\n              Id: CG0240\n              Version: '2'\n            Version: '2.0'\n            Citations:\n              - Cited Guidance: Within the context that defines uniqueness for a time point, which may include domain, visit, and reference time point, there must be a one-to-relationship between values of --TPT and --TPTNUM. in other words, if domain, visit, and reference time point uniquely identify subject data, then if two subjects have records with the same values of DOMAIN, VISITNUM, --TPTREF, and --TPTNUM, then these records may not have different time point descriptions in --TPT.\n                Document: IG v3.3\n                Section: 4.4.10\n      - Name: SDTMIG\n        Version: '3.2'\n        References:\n          - Origin: SDTM and SDTMIG Conformance Rules\n            Rule Identifier:\n              Id: CG0240\n              Version: '2'\n            Version: '2.0'\n            Citations:\n              - Cited Guidance: Within the context that defines uniqueness for a time point, which may include domain, visit, and reference time point, there must be a one-to-relationship between values of --TPT and --TPTNUM. in other words, if domain, visit, and reference time point uniquely identify subject data, then if two subjects have records with the same values of DOMAIN, VISITNUM, --TPTREF, and --TPTNUM, then these records may not have different time point descriptions in --TPT.\n                Document: IG v3.2\n                Section: 4.1.4.10\nScope:\n  Classes:\n    Include:\n      - ALL\n  Domains:\n    Include:\n      - ALL\n",
    "created": "2021-10-17T04:08:50Z",
    "creator": {
        "id": "ff471ff8-f131-4cf5-9712-c79cce6301a1"
    },
    "json": {
        "Check": {
            "all": [
                {
                    "name": "VISITNUM",
                    "operator": "not_exists"
                },
                {
                    "name": "--TPTREF",
                    "operator": "not_exists"
                },
                {
                    "name": "--TPT",
                    "operator": "is_not_unique_relationship",
                    "value": "--TPTNUM"
                }
            ]
        },
        "Core": {
            "Id": "CORE-000141",
            "Version": "1",
            "Status": "Draft"
        },
        "Description": "Trigger error when VISITNUM and --TPTREF are not present and --TPT and --TPTNUM does not have a one-to-one relationship",
        "Outcome": {
            "Message": "--TPT and --TPTNUM do not have a one-to-one relationship",
            "Output_Variables": [
                "--TPT",
                "--TPTNUM"
            ]
        },
        "Sensitivity": "Record",
        "Executability": "Fully Executable",
        "Authorities": [
            {
                "Organization": "CDISC",
                "Standards": [
                    {
                        "Name": "SDTMIG",
                        "Version": "3.4",
                        "References": [
                            {
                                "Origin": "SDTM and SDTMIG Conformance Rules",
                                "Version": "2.0",
                                "Citations": [
                                    {
                                        "Document": "IG v3.4",
                                        "Section": "4.4.10",
                                        "Cited_Guidance": "Within the context that defines uniqueness for a time point, which may include domain, visit, and reference time point, there must be a one-to-relationship between values of --TPT and --TPTNUM. in other words, if domain, visit, and reference time point uniquely identify subject data, then if two subjects have records with the same values of DOMAIN, VISITNUM, --TPTREF, and --TPTNUM, then these records may not have different time point descriptions in --TPT."
                                    }
                                ],
                                "Rule_Identifier": {
                                    "Id": "CG0240",
                                    "Version": "2"
                                }
                            }
                        ]
                    },
                    {
                        "Name": "SDTMIG",
                        "Version": "3.3",
                        "References": [
                            {
                                "Origin": "SDTM and SDTMIG Conformance Rules",
                                "Version": "2.0",
                                "Citations": [
                                    {
                                        "Document": "IG v3.3",
                                        "Section": "4.4.10",
                                        "Cited_Guidance": "Within the context that defines uniqueness for a time point, which may include domain, visit, and reference time point, there must be a one-to-relationship between values of --TPT and --TPTNUM. in other words, if domain, visit, and reference time point uniquely identify subject data, then if two subjects have records with the same values of DOMAIN, VISITNUM, --TPTREF, and --TPTNUM, then these records may not have different time point descriptions in --TPT."
                                    }
                                ],
                                "Rule_Identifier": {
                                    "Id": "CG0240",
                                    "Version": "2"
                                }
                            }
                        ]
                    },
                    {
                        "Name": "SDTMIG",
                        "Version": "3.2",
                        "References": [
                            {
                                "Origin": "SDTM and SDTMIG Conformance Rules",
                                "Version": "2.0",
                                "Citations": [
                                    {
                                        "Document": "IG v3.2",
                                        "Section": "4.1.4.10",
                                        "Cited_Guidance": "Within the context that defines uniqueness for a time point, which may include domain, visit, and reference time point, there must be a one-to-relationship between values of --TPT and --TPTNUM. in other words, if domain, visit, and reference time point uniquely identify subject data, then if two subjects have records with the same values of DOMAIN, VISITNUM, --TPTREF, and --TPTNUM, then these records may not have different time point descriptions in --TPT."
                                    }
                                ],
                                "Rule_Identifier": {
                                    "Id": "CG0240",
                                    "Version": "2"
                                }
                            }
                        ]
                    }
                ]
            }
        ],
        "Scope": {
            "Classes": {
                "Include": [
                    "ALL"
                ]
            },
            "Domains": {
                "Include": [
                    "ALL"
                ]
            }
        },
        "Rule_Type": "Record Data"
    },
    "_rid": "+4oQAKOYNXxfiwAAAAAAAA==",
    "_self": "dbs/+4oQAA==/colls/+4oQAKOYNXw=/docs/+4oQAKOYNXxfiwAAAAAAAA==/",
    "_etag": "\"e902efb6-0000-0700-0000-6439badb0000\"",
    "_attachments": "attachments/",
    "_ts": 1681504987
}