{
    "id": "80d53493-648c-4b02-b57d-f6d8a95c5437",
    "created": "2023-04-12T14:26:53Z",
    "changed": "2023-04-12T15:09:09Z",
    "creator": {
        "id": "dd0f9aa3-68f9-4825-84a4-86c8303daaff"
    },
    "json": {
        "Authorities": [
            {
                "Organization": "CDISC",
                "Standards": [
                    {
                        "Name": "SDTMIG",
                        "Version": "3.2",
                        "References": [
                            {
                                "Origin": "SDTM and SDTMIG Conformance Rules",
                                "Version": "2.0",
                                "Citations": [
                                    {
                                        "Document": "IG v3.2",
                                        "Item": "Specification",
                                        "Section": "5 SV",
                                        "Cited_Guidance": "Planned study day of the start of the visit based upon RFSTDTC in Demographics. Should not be populated for Unplanned Visits"
                                    }
                                ],
                                "Rule_Identifier": {
                                    "Id": "CG0216",
                                    "Version": "1"
                                }
                            }
                        ]
                    },
                    {
                        "Name": "SDTMIG",
                        "Version": "3.3",
                        "References": [
                            {
                                "Origin": "SDTM and SDTMIG Conformance Rules",
                                "Version": "2.0",
                                "Citations": [
                                    {
                                        "Document": "IG v3.3",
                                        "Item": "Assumption 4",
                                        "Section": "5.5",
                                        "Cited_Guidance": "VISITDY is the Planned Study Day of a visit. It should not be populated for unplanned visits."
                                    }
                                ],
                                "Rule_Identifier": {
                                    "Id": "CG0216",
                                    "Version": "1"
                                }
                            }
                        ]
                    }
                ]
            }
        ],
        "Core": {
            "Id": "CDISC.SDTMIG.CG0216",
            "Version": "1",
            "Status": "Draft"
        },
        "Description": "",
        "Outcome": {
            "Message": ""
        },
        "Sensitivity": "Record",
        "Scope": {
            "Classes": {
                "Include": [
                    "SPECIAL PURPOSE"
                ]
            },
            "Domains": {
                "Include": [
                    "SV"
                ]
            }
        },
        "Executability": "Partially Executable",
        "Check": {
            "all": []
        },
        "Rule_Type": "Record Data"
    },
    "content": "# Variable: VISITDY\n# Condition: SVUPDES ^= null\n# Rule: VISITDY = null\nAuthorities:\n  - Organization: CDISC\n    Standards:\n      - Name: SDTMIG\n        Version: '3.2'\n        References:\n          - Origin: SDTM and SDTMIG Conformance Rules\n            Version: '2.0'\n            Citations:\n              - Document: IG v3.2\n                Item: Specification\n                Section: 5 SV\n                Cited Guidance: Planned study day of the start of the visit based\n                  upon RFSTDTC in Demographics. Should not be populated for Unplanned\n                  Visits\n            Rule Identifier:\n              Id: CG0216\n              Version: '1'\n      - Name: SDTMIG\n        Version: '3.3'\n        References:\n          - Origin: SDTM and SDTMIG Conformance Rules\n            Version: '2.0'\n            Citations:\n              - Document: IG v3.3\n                Item: Assumption 4\n                Section: '5.5'\n                Cited Guidance: VISITDY is the Planned Study Day of a visit. It should\n                  not be populated for unplanned visits.\n            Rule Identifier:\n              Id: CG0216\n              Version: '1'\nCore:\n  Id: CDISC.SDTMIG.CG0216\n  Version: '1'\n  Status: Draft\nDescription: ''\nOutcome:\n  Message: ''\nSensitivity: Record\nScope:\n  Classes:\n    Include:\n      - SPECIAL PURPOSE\n  Domains:\n    Include:\n      - SV\nExecutability: Partially Executable\nCheck:\n  all: []\nRule Type: Record Data\n",
    "_rid": "+4oQAKOYNXz0gwAAAAAAAA==",
    "_self": "dbs/+4oQAA==/colls/+4oQAKOYNXw=/docs/+4oQAKOYNXz0gwAAAAAAAA==/",
    "_etag": "\"2e02c42a-0000-0700-0000-6436c9950000\"",
    "_attachments": "attachments/",
    "_ts": 1681312149
}