{
    "id": "51b7a527-9086-4271-b1d1-a0cd8ed3ad09",
    "created": "2023-04-12T14:27:37Z",
    "changed": "2023-04-12T15:09:57Z",
    "creator": {
        "id": "dd0f9aa3-68f9-4825-84a4-86c8303daaff"
    },
    "json": {
        "Authorities": [
            {
                "Organization": "CDISC",
                "Standards": [
                    {
                        "Name": "SDTMIG",
                        "Version": "3.2",
                        "References": [
                            {
                                "Origin": "SDTM and SDTMIG Conformance Rules",
                                "Version": "2.0",
                                "Citations": [
                                    {
                                        "Document": "IG v3.2",
                                        "Item": "IG v3.2[7.4][Assumption 3]|IG v3.2[Appendix C1]",
                                        "Section": "IG v3.2[7.4]|IG v3.2[Appendix C1]",
                                        "Cited_Guidance": "IG v3.2[7.4][Assumption 3][Further information about the parameters is included below in Table 1. TSVAL may have controlled terminology depending on the value of TSPARMCD]|IG v3.2[Appendix C1][If the study population is healthy subjects (i.e., healthy subjects flag is Y), this parameter is not expected. If the healthy subject flag is N, then this parameter would contain the diagnosis/medical problem of the study population. [Validation rule; IF healthy volunteers = N then TDIGRP must be present and not null]"
                                    }
                                ],
                                "Rule_Identifier": {
                                    "Id": "CG0272",
                                    "Version": "2"
                                }
                            }
                        ]
                    },
                    {
                        "Name": "SDTMIG",
                        "Version": "3.3",
                        "References": [
                            {
                                "Origin": "SDTM and SDTMIG Conformance Rules",
                                "Version": "2.0",
                                "Citations": [
                                    {
                                        "Document": "IG v3.3",
                                        "Item": "IG v3.3[7.4.2][Assumption 3]|IG v3.3[Appendix C1]",
                                        "Section": "IG v3.3[7.4.2]|IG v3.3[Appendix C1]",
                                        "Cited_Guidance": "IG v3.3[7.4.2][Assumption 3][Further information about the parameters is included Appendix C1, Trial Summary Codes. TSVAL may have controlled terminology depending on the value of TSPARMCD. Conditions for including parameters are included in Appendix C1, Trial Summary Codes.]|IG v3.3[Appendix C1][ If the study population is healthy subjects (i.e., healthy subjects flag is Y), this parameter is not expected. If the healthy subject flag is N, then this parameter would contain the diagnosis/medical problem of the study population. [Validation rule; IF healthy volunteers = N then TDIGRP must be present and not null]"
                                    }
                                ],
                                "Rule_Identifier": {
                                    "Id": "CG0272",
                                    "Version": "2"
                                }
                            }
                        ]
                    }
                ]
            }
        ],
        "Core": {
            "Id": "CDISC.SDTMIG.CG0272",
            "Version": "1",
            "Status": "Draft"
        },
        "Description": "",
        "Outcome": {
            "Message": ""
        },
        "Sensitivity": "Record",
        "Scope": {
            "Classes": {
                "Include": [
                    "TRIAL DESIGN"
                ]
            },
            "Domains": {
                "Include": [
                    "TS"
                ]
            }
        },
        "Executability": "Partially Executable",
        "Check": {
            "all": []
        },
        "Rule_Type": "Record Data"
    },
    "content": "# Variable: TSVAL\n# Condition: TSPARMCD = 'TDIGRP' and record exists where TSPARMCD = 'HLTSUBJI' and TSVAL = 'Y'\n# Rule: TSVAL = null or 'HEALTHY SUBJECTS'\nAuthorities:\n  - Organization: CDISC\n    Standards:\n      - Name: SDTMIG\n        Version: '3.2'\n        References:\n          - Origin: SDTM and SDTMIG Conformance Rules\n            Version: '2.0'\n            Citations:\n              - Document: IG v3.2\n                Item: IG v3.2[7.4][Assumption 3]|IG v3.2[Appendix C1]\n                Section: IG v3.2[7.4]|IG v3.2[Appendix C1]\n                Cited Guidance: IG v3.2[7.4][Assumption 3][Further information about\n                  the parameters is included below in Table 1. TSVAL may have controlled\n                  terminology depending on the value of TSPARMCD]|IG v3.2[Appendix\n                  C1][If the study population is healthy subjects (i.e., healthy subjects\n                  flag is Y), this parameter is not expected. If the healthy subject\n                  flag is N, then this parameter would contain the diagnosis/medical\n                  problem of the study population. [Validation rule; IF healthy volunteers\n                  = N then TDIGRP must be present and not null]\n            Rule Identifier:\n              Id: CG0272\n              Version: '2'\n      - Name: SDTMIG\n        Version: '3.3'\n        References:\n          - Origin: SDTM and SDTMIG Conformance Rules\n            Version: '2.0'\n            Citations:\n              - Document: IG v3.3\n                Item: IG v3.3[7.4.2][Assumption 3]|IG v3.3[Appendix C1]\n                Section: IG v3.3[7.4.2]|IG v3.3[Appendix C1]\n                Cited Guidance: IG v3.3[7.4.2][Assumption 3][Further information about\n                  the parameters is included Appendix C1, Trial Summary Codes. TSVAL\n                  may have controlled terminology depending on the value of TSPARMCD.\n                  Conditions for including parameters are included in Appendix C1,\n                  Trial Summary Codes.]|IG v3.3[Appendix C1][ If the study population\n                  is healthy subjects (i.e., healthy subjects flag is Y), this parameter\n                  is not expected. If the healthy subject flag is N, then this parameter\n                  would contain the diagnosis/medical problem of the study population.\n                  [Validation rule; IF healthy volunteers = N then TDIGRP must be\n                  present and not null]\n            Rule Identifier:\n              Id: CG0272\n              Version: '2'\nCore:\n  Id: CDISC.SDTMIG.CG0272\n  Version: '1'\n  Status: Draft\nDescription: ''\nOutcome:\n  Message: ''\nSensitivity: Record\nScope:\n  Classes:\n    Include:\n      - TRIAL DESIGN\n  Domains:\n    Include:\n      - TS\nExecutability: Partially Executable\nCheck:\n  all: []\nRule Type: Record Data\n",
    "_rid": "+4oQAKOYNXwhhAAAAAAAAA==",
    "_self": "dbs/+4oQAA==/colls/+4oQAKOYNXw=/docs/+4oQAKOYNXwhhAAAAAAAAA==/",
    "_etag": "\"2e02dc3a-0000-0700-0000-6436c9c60000\"",
    "_attachments": "attachments/",
    "_ts": 1681312198
}