{
    "id": "7e07cf38-e3d8-4c7e-90cd-e817d8bee0da",
    "changed": "2023-03-08T19:49:49.486Z",
    "content": "Check:\n  all:\n    - name: IDVAR\n      operator: non_empty\n    - name: IDVARVAL\n      operator: empty\nCore:\n  Id: CORE-000135\n  Version: '1'\n  Status: Draft\nDescription: Raise an error when IDVAR is not empty and IDVARVAL is empty.\nOutcome:\n  Message: IDVAR is not empty but IDVARVAL is empty.\n  Output Variables:\n    - IDVAR\n    - IDVARVAL\n    - QNAM\nRule Type: Record Data\nSensitivity: Record\nExecutability: Fully Executable\nAuthorities:\n  - Organization: CDISC\n    Standards:\n      - Name: SDTMIG\n        Version: '3.4'\n        References:\n          - Origin: SDTM and SDTMIG Conformance Rules\n            Rule Identifier:\n              Id: CG0204\n              Version: '1'\n            Version: '2.0'\n            Citations:\n              - Cited Guidance: A record in a SUPP-- dataset relates back to its parent\n                  record(s) via the key identified by the STUDYID, RDOMAIN, USUBJID,\n                  and IDVAR/IDVARVAL variables. An exception is SUPP-- dataset  records\n                  that are related to Demographics (DM) records, where both IDVAR\n                  and IDVARVAL will be  null because the key variables STUDYID, RDOMAIN,\n                  and USUBJID are sufficient to identify the unique parent record\n                  in DM (DM has one record per USUBJID)\n                Document: SDTMIG v3.4\n                Section: 8.4.1\n      - Name: SDTMIG\n        Version: '3.3'\n        References:\n          - Origin: SDTM and SDTMIG Conformance Rules\n            Rule Identifier:\n              Id: CG0204\n              Version: '1'\n            Version: '2.0'\n            Citations:\n              - Cited Guidance: A record in a SUPP-- dataset relates back to its parent \n                  record(s) via the key identified by the STUDYID, RDOMAIN, and IDVAR/IDVARVAL \n                  variables. An exception is SUPP-- dataset records that are related to \n                  Demographics (DM) records, such as the Intent To Treat (ITT) and Safety \n                  (SAFETY) subject-level population flags, where both IDVAR and IDVARVAL will \n                  be null because the key variables STUDYID, RDOMAIN, and USUBJID are sufficient \n                  to identify the unique parent record in DM (DM has one record per USUBJID).\n                Document: SDTMIG v3.3\n                Section: 8.4.1\n      - Name: SDTMIG\n        Version: '3.2'\n        References:\n          - Origin: SDTM and SDTMIG Conformance Rules\n            Rule Identifier:\n              Id: CG0204\n              Version: '1'\n            Version: '2.0'\n            Citations:\n              - Cited Guidance: A record in a SUPP-- dataset relates back to its parent \n                  record(s) via the key identified by the STUDYID, RDOMAIN, and IDVAR/IDVARVAL \n                  variables. An exception is SUPP-- dataset records that are related to \n                  Demographics (DM) records, such as the Intent To Treat (ITT) and Safety \n                  (SAFETY) subject-level population flags, where both IDVAR and IDVARVAL will \n                  be null because the key variables STUDYID, RDOMAIN, and USUBJID are sufficient \n                  to identify the unique parent record in DM (DM has one record per USUBJID).\n                Document: SDTMIG v3.2\n                Section: 8.4.1\nScope:\n  Classes:\n    Include:\n      - RELATIONSHIP\n  Domains:\n    Include:\n      - SUPP--\n",
    "created": "2021-10-13T12:44:11Z",
    "creator": {
        "id": "02c3c969-4787-4d57-b164-e2851035c0e8"
    },
    "json": {
        "Check": {
            "all": [
                {
                    "name": "IDVAR",
                    "operator": "non_empty"
                },
                {
                    "name": "IDVARVAL",
                    "operator": "empty"
                }
            ]
        },
        "Core": {
            "Id": "CORE-000135",
            "Version": "1",
            "Status": "Draft"
        },
        "Description": "Raise an error when IDVAR is not empty and IDVARVAL is empty.",
        "Outcome": {
            "Message": "IDVAR is not empty but IDVARVAL is empty.",
            "Output_Variables": [
                "IDVAR",
                "IDVARVAL",
                "QNAM"
            ]
        },
        "Sensitivity": "Record",
        "Executability": "Fully Executable",
        "Authorities": [
            {
                "Organization": "CDISC",
                "Standards": [
                    {
                        "Name": "SDTMIG",
                        "Version": "3.4",
                        "References": [
                            {
                                "Origin": "SDTM and SDTMIG Conformance Rules",
                                "Version": "2.0",
                                "Citations": [
                                    {
                                        "Document": "SDTMIG v3.4",
                                        "Section": "8.4.1",
                                        "Cited_Guidance": "A record in a SUPP-- dataset relates back to its parent record(s) via the key identified by the STUDYID, RDOMAIN, USUBJID, and IDVAR/IDVARVAL variables. An exception is SUPP-- dataset  records that are related to Demographics (DM) records, where both IDVAR and IDVARVAL will be  null because the key variables STUDYID, RDOMAIN, and USUBJID are sufficient to identify the unique parent record in DM (DM has one record per USUBJID)"
                                    }
                                ],
                                "Rule_Identifier": {
                                    "Id": "CG0204",
                                    "Version": "1"
                                }
                            }
                        ]
                    },
                    {
                        "Name": "SDTMIG",
                        "Version": "3.3",
                        "References": [
                            {
                                "Origin": "SDTM and SDTMIG Conformance Rules",
                                "Version": "2.0",
                                "Citations": [
                                    {
                                        "Document": "SDTMIG v3.3",
                                        "Section": "8.4.1",
                                        "Cited_Guidance": "A record in a SUPP-- dataset relates back to its parent record(s) via the key identified by the STUDYID, RDOMAIN, and IDVAR/IDVARVAL variables. An exception is SUPP-- dataset records that are related to Demographics (DM) records, such as the Intent To Treat (ITT) and Safety (SAFETY) subject-level population flags, where both IDVAR and IDVARVAL will be null because the key variables STUDYID, RDOMAIN, and USUBJID are sufficient to identify the unique parent record in DM (DM has one record per USUBJID)."
                                    }
                                ],
                                "Rule_Identifier": {
                                    "Id": "CG0204",
                                    "Version": "1"
                                }
                            }
                        ]
                    },
                    {
                        "Name": "SDTMIG",
                        "Version": "3.2",
                        "References": [
                            {
                                "Origin": "SDTM and SDTMIG Conformance Rules",
                                "Version": "2.0",
                                "Citations": [
                                    {
                                        "Document": "SDTMIG v3.2",
                                        "Section": "8.4.1",
                                        "Cited_Guidance": "A record in a SUPP-- dataset relates back to its parent record(s) via the key identified by the STUDYID, RDOMAIN, and IDVAR/IDVARVAL variables. An exception is SUPP-- dataset records that are related to Demographics (DM) records, such as the Intent To Treat (ITT) and Safety (SAFETY) subject-level population flags, where both IDVAR and IDVARVAL will be null because the key variables STUDYID, RDOMAIN, and USUBJID are sufficient to identify the unique parent record in DM (DM has one record per USUBJID)."
                                    }
                                ],
                                "Rule_Identifier": {
                                    "Id": "CG0204",
                                    "Version": "1"
                                }
                            }
                        ]
                    }
                ]
            }
        ],
        "Scope": {
            "Classes": {
                "Include": [
                    "RELATIONSHIP"
                ]
            },
            "Domains": {
                "Include": [
                    "SUPP--"
                ]
            }
        },
        "Rule_Type": "Record Data"
    },
    "_rid": "+4oQAKOYNXxDiwAAAAAAAA==",
    "_self": "dbs/+4oQAA==/colls/+4oQAKOYNXw=/docs/+4oQAKOYNXxDiwAAAAAAAA==/",
    "_etag": "\"e9022ab4-0000-0700-0000-6439bac70000\"",
    "_attachments": "attachments/",
    "_ts": 1681504967
}