{
    "id": "54266623-1a64-4eb2-ac34-9cbdb210763f",
    "created": "2023-04-12T14:26:42Z",
    "changed": "2023-04-12T15:08:55Z",
    "creator": {
        "id": "dd0f9aa3-68f9-4825-84a4-86c8303daaff"
    },
    "json": {
        "Authorities": [
            {
                "Organization": "CDISC",
                "Standards": [
                    {
                        "Name": "SDTMIG",
                        "Version": "3.2",
                        "References": [
                            {
                                "Origin": "SDTM and SDTMIG Conformance Rules",
                                "Version": "2.0",
                                "Citations": [
                                    {
                                        "Document": "IG v3.2",
                                        "Section": "8.4",
                                        "Cited_Guidance": "For objective data, the value in QEVAL will be null. For subjective data (when QORIG=\u201dASSIGNED\u201d), the value in QEVAL should reflect the role of the person or institution assigning the value (e.g., SPONSOR or ADJUDICATION COMMITTEE)."
                                    }
                                ],
                                "Rule_Identifier": {
                                    "Id": "CG0202",
                                    "Version": "2"
                                }
                            }
                        ]
                    },
                    {
                        "Name": "SDTMIG",
                        "Version": "3.3",
                        "References": [
                            {
                                "Origin": "SDTM and SDTMIG Conformance Rules",
                                "Version": "2.0",
                                "Citations": [
                                    {
                                        "Document": "IG v3.3",
                                        "Section": "8.4",
                                        "Cited_Guidance": "For objective data, the value in QEVAL will be null. For subjective data (when QORIG=\u201dASSIGNED\u201d), the value in QEVAL should reflect the role of the person or institution assigning the value (e.g., SPONSOR or ADJUDICATION COMMITTEE)."
                                    }
                                ],
                                "Rule_Identifier": {
                                    "Id": "CG0202",
                                    "Version": "2"
                                }
                            }
                        ]
                    }
                ]
            }
        ],
        "Core": {
            "Id": "CDISC.SDTMIG.CG0202",
            "Version": "1",
            "Status": "Draft"
        },
        "Description": "",
        "Outcome": {
            "Message": ""
        },
        "Sensitivity": "Record",
        "Scope": {
            "Classes": {
                "Include": [
                    "SPECIAL PURPOSE"
                ]
            },
            "Domains": {
                "Include": [
                    "SUPP--"
                ]
            }
        },
        "Executability": "Partially Executable",
        "Check": {
            "all": []
        },
        "Rule_Type": "Record Data"
    },
    "content": "# Variable: QEVAL\n# Condition: QORIG = 'Assigned'\n# Rule: QEVAL ^= null\nAuthorities:\n  - Organization: CDISC\n    Standards:\n      - Name: SDTMIG\n        Version: '3.2'\n        References:\n          - Origin: SDTM and SDTMIG Conformance Rules\n            Version: '2.0'\n            Citations:\n              - Document: IG v3.2\n                Section: '8.4'\n                Cited Guidance: For objective data, the value in QEVAL will be null.\n                  For subjective data (when QORIG=\u201dASSIGNED\u201d), the value in QEVAL\n                  should reflect the role of the person or institution assigning the\n                  value (e.g., SPONSOR or ADJUDICATION COMMITTEE).\n            Rule Identifier:\n              Id: CG0202\n              Version: '2'\n      - Name: SDTMIG\n        Version: '3.3'\n        References:\n          - Origin: SDTM and SDTMIG Conformance Rules\n            Version: '2.0'\n            Citations:\n              - Document: IG v3.3\n                Section: '8.4'\n                Cited Guidance: For objective data, the value in QEVAL will be null.\n                  For subjective data (when QORIG=\u201dASSIGNED\u201d), the value in QEVAL\n                  should reflect the role of the person or institution assigning the\n                  value (e.g., SPONSOR or ADJUDICATION COMMITTEE).\n            Rule Identifier:\n              Id: CG0202\n              Version: '2'\nCore:\n  Id: CDISC.SDTMIG.CG0202\n  Version: '1'\n  Status: Draft\nDescription: ''\nOutcome:\n  Message: ''\nSensitivity: Record\nScope:\n  Classes:\n    Include:\n      - SPECIAL PURPOSE\n  Domains:\n    Include:\n      - SUPP--\nExecutability: Partially Executable\nCheck:\n  all: []\nRule Type: Record Data\n",
    "_rid": "+4oQAKOYNXzngwAAAAAAAA==",
    "_self": "dbs/+4oQAA==/colls/+4oQAKOYNXw=/docs/+4oQAKOYNXzngwAAAAAAAA==/",
    "_etag": "\"2e027926-0000-0700-0000-6436c9880000\"",
    "_attachments": "attachments/",
    "_ts": 1681312136
}