{
    "id": "78fdeee3-977d-4372-be11-31873b2a5f8f",
    "created": "2023-04-12T14:27:05Z",
    "changed": "2023-04-12T15:09:22Z",
    "creator": {
        "id": "dd0f9aa3-68f9-4825-84a4-86c8303daaff"
    },
    "json": {
        "Authorities": [
            {
                "Organization": "CDISC",
                "Standards": [
                    {
                        "Name": "SDTMIG",
                        "Version": "3.2",
                        "References": [
                            {
                                "Origin": "SDTM and SDTMIG Conformance Rules",
                                "Version": "2.0",
                                "Citations": [
                                    {
                                        "Document": "IG v3.2",
                                        "Section": "4.1.4.7",
                                        "Cited_Guidance": "If the reference time point is prior to the date of collection or assessment: Start values: an observation can start BEFORE the reference point, can start COINCIDENT with the reference point, can start AFTER the reference point, or it may not be known (U) when it started. End values: an observation can end BEFORE the reference point, can end COINCIDENT with the reference point, can end AFTER the reference point, can be known that it didn't end but was ONGOING, or it is unknown (U) when it ended or if it was ongoing."
                                    }
                                ],
                                "Rule_Identifier": {
                                    "Id": "CG0233",
                                    "Version": "1"
                                }
                            }
                        ]
                    },
                    {
                        "Name": "SDTMIG",
                        "Version": "3.3",
                        "References": [
                            {
                                "Origin": "SDTM and SDTMIG Conformance Rules",
                                "Version": "2.0",
                                "Citations": [
                                    {
                                        "Document": "IG v3.3",
                                        "Section": "4.4.7",
                                        "Cited_Guidance": "If the reference time point is prior to the date of collection or assessment: Start values: an observation can start BEFORE the reference point, can start COINCIDENT with the reference point, can start AFTER the reference point, or it may not be known (U) when it started. End values: an observation can end BEFORE the reference point, can end COINCIDENT with the reference point, can end AFTER the reference point, can be known that it didn't end but was ONGOING, or it is unknown (U) when it ended or if it was ongoing."
                                    }
                                ],
                                "Rule_Identifier": {
                                    "Id": "CG0233",
                                    "Version": "1"
                                }
                            }
                        ]
                    },
                    {
                        "Name": "SDTMIG",
                        "Version": "3.4",
                        "References": [
                            {
                                "Origin": "SDTM and SDTMIG Conformance Rules",
                                "Version": "2.0",
                                "Citations": [
                                    {
                                        "Document": "IG v3.4",
                                        "Section": "4.4.7",
                                        "Cited_Guidance": "If the reference time point is prior to the date of collection or assessment: Start values: an observation can start BEFORE the reference point, can start COINCIDENT with the reference point, can start AFTER the reference point, or it may not be known (U) when it started. End values: an observation can end BEFORE the reference point, can end COINCIDENT with the reference point, can end AFTER the reference point, can be known that it didn't end but was ONGOING, or it is unknown (U) when it ended or if it was ongoing."
                                    }
                                ],
                                "Rule_Identifier": {
                                    "Id": "CG0233",
                                    "Version": "1"
                                }
                            }
                        ]
                    }
                ]
            }
        ],
        "Core": {
            "Id": "CDISC.SDTMIG.CG0233",
            "Version": "1",
            "Status": "Draft"
        },
        "Description": "",
        "Outcome": {
            "Message": ""
        },
        "Sensitivity": "Record",
        "Scope": {
            "Classes": {
                "Include": [
                    "ALL"
                ]
            },
            "Domains": {
                "Include": [
                    "ALL"
                ]
            }
        },
        "Executability": "Partially Executable",
        "Check": {
            "all": []
        },
        "Rule_Type": "Record Data"
    },
    "content": "# Variable: --STRTPT\n# Condition: --STTPT is prior to the date of collection or assessment.\n# Rule: --STRTPT in ('BEFORE', 'COINCIDENT', 'AFTER', 'UNKNOWN')\nAuthorities:\n  - Organization: CDISC\n    Standards:\n      - Name: SDTMIG\n        Version: '3.2'\n        References:\n          - Origin: SDTM and SDTMIG Conformance Rules\n            Version: '2.0'\n            Citations:\n              - Document: IG v3.2\n                Section: 4.1.4.7\n                Cited Guidance: \"If the reference time point is prior to the date\\\n                  \\ of collection or assessment: Start values: an observation can\\\n                  \\ start BEFORE the reference point, can start COINCIDENT with the\\\n                  \\ reference point, can start AFTER the reference point, or it may\\\n                  \\ not be known (U) when it started. End values: an observation can\\\n                  \\ end BEFORE the reference point, can end COINCIDENT with the reference\\\n                  \\ point, can end AFTER the reference point, can be known that it\\\n                  \\ didn't end but was ONGOING, or it is unknown (U) when it ended\\\n                  \\ or if it was ongoing.\"\n            Rule Identifier:\n              Id: CG0233\n              Version: '1'\n      - Name: SDTMIG\n        Version: '3.3'\n        References:\n          - Origin: SDTM and SDTMIG Conformance Rules\n            Version: '2.0'\n            Citations:\n              - Document: IG v3.3\n                Section: 4.4.7\n                Cited Guidance: \"If the reference time point is prior to the date\\\n                  \\ of collection or assessment: Start values: an observation can\\\n                  \\ start BEFORE the reference point, can start COINCIDENT with the\\\n                  \\ reference point, can start AFTER the reference point, or it may\\\n                  \\ not be known (U) when it started. End values: an observation can\\\n                  \\ end BEFORE the reference point, can end COINCIDENT with the reference\\\n                  \\ point, can end AFTER the reference point, can be known that it\\\n                  \\ didn't end but was ONGOING, or it is unknown (U) when it ended\\\n                  \\ or if it was ongoing.\"\n            Rule Identifier:\n              Id: CG0233\n              Version: '1'\n      - Name: SDTMIG\n        Version: '3.4'\n        References:\n          - Origin: SDTM and SDTMIG Conformance Rules\n            Version: '2.0'\n            Citations:\n              - Document: IG v3.4\n                Section: 4.4.7\n                Cited Guidance: \"If the reference time point is prior to the date\\\n                  \\ of collection or assessment: Start values: an observation can\\\n                  \\ start BEFORE the reference point, can start COINCIDENT with the\\\n                  \\ reference point, can start AFTER the reference point, or it may\\\n                  \\ not be known (U) when it started. End values: an observation can\\\n                  \\ end BEFORE the reference point, can end COINCIDENT with the reference\\\n                  \\ point, can end AFTER the reference point, can be known that it\\\n                  \\ didn't end but was ONGOING, or it is unknown (U) when it ended\\\n                  \\ or if it was ongoing.\"\n            Rule Identifier:\n              Id: CG0233\n              Version: '1'\nCore:\n  Id: CDISC.SDTMIG.CG0233\n  Version: '1'\n  Status: Draft\nDescription: ''\nOutcome:\n  Message: ''\nSensitivity: Record\nScope:\n  Classes:\n    Include:\n      - ALL\n  Domains:\n    Include:\n      - ALL\nExecutability: Partially Executable\nCheck:\n  all: []\nRule Type: Record Data\n",
    "_rid": "+4oQAKOYNXwAhAAAAAAAAA==",
    "_self": "dbs/+4oQAA==/colls/+4oQAKOYNXw=/docs/+4oQAKOYNXwAhAAAAAAAAA==/",
    "_etag": "\"2e02d42f-0000-0700-0000-6436c9a20000\"",
    "_attachments": "attachments/",
    "_ts": 1681312162
}