{
    "id": "0e4818d9-64c7-4e17-bcc9-42892d134111",
    "created": "2023-04-12T14:26:51Z",
    "changed": "2023-04-12T15:09:06Z",
    "creator": {
        "id": "dd0f9aa3-68f9-4825-84a4-86c8303daaff"
    },
    "json": {
        "Authorities": [
            {
                "Organization": "CDISC",
                "Standards": [
                    {
                        "Name": "SDTMIG",
                        "Version": "3.2",
                        "References": [
                            {
                                "Origin": "SDTM and SDTMIG Conformance Rules",
                                "Version": "2.0",
                                "Citations": [
                                    {
                                        "Document": "IG v3.2",
                                        "Item": "Specification",
                                        "Section": "5 SV",
                                        "Cited_Guidance": "The method for deriving these values should be consistent with the visit definitions in the Trial Visits dataset [see Section 7.3 - Schedule for Assessments: Trial Visits (TV)]."
                                    }
                                ],
                                "Rule_Identifier": {
                                    "Id": "CG0213",
                                    "Version": "1"
                                }
                            }
                        ]
                    },
                    {
                        "Name": "SDTMIG",
                        "Version": "3.3",
                        "References": [
                            {
                                "Origin": "SDTM and SDTMIG Conformance Rules",
                                "Version": "2.0",
                                "Citations": [
                                    {
                                        "Document": "IG v3.3",
                                        "Item": "Description",
                                        "Section": "5.5",
                                        "Cited_Guidance": "The method for deriving these values should be consistent with the visit definitions in the Trial Visits (TV) dataset (Section 7.3.1, Trial Visits)."
                                    }
                                ],
                                "Rule_Identifier": {
                                    "Id": "CG0213",
                                    "Version": "1"
                                }
                            }
                        ]
                    }
                ]
            }
        ],
        "Core": {
            "Id": "CDISC.SDTMIG.CG0213",
            "Version": "1",
            "Status": "Draft"
        },
        "Description": "",
        "Outcome": {
            "Message": ""
        },
        "Sensitivity": "Record",
        "Scope": {
            "Classes": {
                "Include": [
                    "SPECIAL PURPOSE"
                ]
            },
            "Domains": {
                "Include": [
                    "SV"
                ]
            }
        },
        "Executability": "Partially Executable",
        "Check": {
            "all": []
        },
        "Rule_Type": "Record Data"
    },
    "content": "# Variable: VISITNUM\n# Condition: SVUPDES = null\n# Rule: VISITNUM in TV.VISITNUM\nAuthorities:\n  - Organization: CDISC\n    Standards:\n      - Name: SDTMIG\n        Version: '3.2'\n        References:\n          - Origin: SDTM and SDTMIG Conformance Rules\n            Version: '2.0'\n            Citations:\n              - Document: IG v3.2\n                Item: Specification\n                Section: 5 SV\n                Cited Guidance: 'The method for deriving these values should be consistent\n                  with the visit definitions in the Trial Visits dataset [see Section\n                  7.3 - Schedule for Assessments: Trial Visits (TV)].'\n            Rule Identifier:\n              Id: CG0213\n              Version: '1'\n      - Name: SDTMIG\n        Version: '3.3'\n        References:\n          - Origin: SDTM and SDTMIG Conformance Rules\n            Version: '2.0'\n            Citations:\n              - Document: IG v3.3\n                Item: Description\n                Section: '5.5'\n                Cited Guidance: The method for deriving these values should be consistent\n                  with the visit definitions in the Trial Visits (TV) dataset (Section\n                  7.3.1, Trial Visits).\n            Rule Identifier:\n              Id: CG0213\n              Version: '1'\nCore:\n  Id: CDISC.SDTMIG.CG0213\n  Version: '1'\n  Status: Draft\nDescription: ''\nOutcome:\n  Message: ''\nSensitivity: Record\nScope:\n  Classes:\n    Include:\n      - SPECIAL PURPOSE\n  Domains:\n    Include:\n      - SV\nExecutability: Partially Executable\nCheck:\n  all: []\nRule Type: Record Data\n",
    "_rid": "+4oQAKOYNXzxgwAAAAAAAA==",
    "_self": "dbs/+4oQAA==/colls/+4oQAKOYNXw=/docs/+4oQAKOYNXzxgwAAAAAAAA==/",
    "_etag": "\"2e02b929-0000-0700-0000-6436c9920000\"",
    "_attachments": "attachments/",
    "_ts": 1681312146
}