{
    "id": "c2533c33-65d3-4edd-a09c-99b79f54c90d",
    "changed": "2023-03-20T20:28:31.822Z",
    "content": "Check:\n  all:\n    - name: ETCD\n      operator: longer_than\n      value: 8\nCore:\n  Id: CORE-000143\n  Version: '1'\n  Status: Draft\nDescription: The length of ETCD should be no greater than 8\nOutcome:\n  Message: ETCD value is greater than 8\n  Output Variables:\n    - ETCD\nRule Type: Record Data\nSensitivity: Record\nExecutability: Fully Executable\nAuthorities:\n  - Organization: CDISC\n    Standards:\n      - Name: SDTMIG\n        Version: '3.4'\n        References:\n          - Origin: SDTM and SDTMIG Conformance Rules\n            Rule Identifier:\n              Id: CG0246\n              Version: '1'\n            Version: '2.0'\n            Citations:\n              - Cited Guidance: ETCD (the companion to ELEMENT) is limited to 8 characters\n                Document: IG v3.4\n                Item: Specification\n                Section: '5.3'\n              - Cited Guidance: ETCD (the companion to ELEMENT) is limited to 8 characters\n                Document: IG v3.4\n                Item: Specification\n                Section: 7.2.1\n              - Cited Guidance: ETCD (the companion to ELEMENT) is limited to 8 characters\n                Document: IG v3.4\n                Item: Specification\n                Section: 7.2.2\n      - Name: SDTMIG\n        Version: '3.3'\n        References:\n          - Origin: SDTM and SDTMIG Conformance Rules\n            Rule Identifier:\n              Id: CG0246\n              Version: '1'\n            Version: '2.0'\n            Citations:\n              - Cited Guidance: ETCD (the companion to ELEMENT) is limited to 8 characters\n                Document: IG v3.3\n                Item: Specification\n                Section: '5.2'\n              - Cited Guidance: ETCD (the companion to ELEMENT) is limited to 8 characters\n                Document: IG v3.3\n                Item: Specification\n                Section: '7.2'\n      - Name: SDTMIG\n        Version: '3.2'\n        References:\n          - Origin: SDTM and SDTMIG Conformance Rules\n            Rule Identifier:\n              Id: CG0246\n              Version: '1'\n            Version: '2.0'\n            Citations:\n              - Cited Guidance: ETCD (the companion to ELEMENT) is limited to 8 characters\n                Document: IG v3.2\n                Item: Specification\n                Section: '5'\n              - Cited Guidance: ETCD (the companion to ELEMENT) is limited to 8 characters\n                Document: IG v3.2\n                Item: Specification\n                Section: '7.2'\nScope:\n  Classes:\n    Include:\n      - TRIAL DESIGN\n      - SPECIAL PURPOSE\n  Domains:\n    Include:\n      - TA\n      - TE\n      - SE\n",
    "created": "2021-10-17T04:30:35Z",
    "creator": {
        "id": "ff471ff8-f131-4cf5-9712-c79cce6301a1"
    },
    "json": {
        "Check": {
            "all": [
                {
                    "name": "ETCD",
                    "operator": "longer_than",
                    "value": 8
                }
            ]
        },
        "Core": {
            "Id": "CORE-000143",
            "Version": "1",
            "Status": "Draft"
        },
        "Description": "The length of ETCD should be no greater than 8",
        "Outcome": {
            "Message": "ETCD value is greater than 8",
            "Output_Variables": [
                "ETCD"
            ]
        },
        "Sensitivity": "Record",
        "Executability": "Fully Executable",
        "Authorities": [
            {
                "Organization": "CDISC",
                "Standards": [
                    {
                        "Name": "SDTMIG",
                        "Version": "3.4",
                        "References": [
                            {
                                "Origin": "SDTM and SDTMIG Conformance Rules",
                                "Version": "2.0",
                                "Citations": [
                                    {
                                        "Document": "IG v3.4",
                                        "Item": "Specification",
                                        "Section": "5.3",
                                        "Cited_Guidance": "ETCD (the companion to ELEMENT) is limited to 8 characters"
                                    },
                                    {
                                        "Document": "IG v3.4",
                                        "Item": "Specification",
                                        "Section": "7.2.1",
                                        "Cited_Guidance": "ETCD (the companion to ELEMENT) is limited to 8 characters"
                                    },
                                    {
                                        "Document": "IG v3.4",
                                        "Item": "Specification",
                                        "Section": "7.2.2",
                                        "Cited_Guidance": "ETCD (the companion to ELEMENT) is limited to 8 characters"
                                    }
                                ],
                                "Rule_Identifier": {
                                    "Id": "CG0246",
                                    "Version": "1"
                                }
                            }
                        ]
                    },
                    {
                        "Name": "SDTMIG",
                        "Version": "3.3",
                        "References": [
                            {
                                "Origin": "SDTM and SDTMIG Conformance Rules",
                                "Version": "2.0",
                                "Citations": [
                                    {
                                        "Document": "IG v3.3",
                                        "Item": "Specification",
                                        "Section": "5.2",
                                        "Cited_Guidance": "ETCD (the companion to ELEMENT) is limited to 8 characters"
                                    },
                                    {
                                        "Document": "IG v3.3",
                                        "Item": "Specification",
                                        "Section": "7.2",
                                        "Cited_Guidance": "ETCD (the companion to ELEMENT) is limited to 8 characters"
                                    }
                                ],
                                "Rule_Identifier": {
                                    "Id": "CG0246",
                                    "Version": "1"
                                }
                            }
                        ]
                    },
                    {
                        "Name": "SDTMIG",
                        "Version": "3.2",
                        "References": [
                            {
                                "Origin": "SDTM and SDTMIG Conformance Rules",
                                "Version": "2.0",
                                "Citations": [
                                    {
                                        "Document": "IG v3.2",
                                        "Item": "Specification",
                                        "Section": "5",
                                        "Cited_Guidance": "ETCD (the companion to ELEMENT) is limited to 8 characters"
                                    },
                                    {
                                        "Document": "IG v3.2",
                                        "Item": "Specification",
                                        "Section": "7.2",
                                        "Cited_Guidance": "ETCD (the companion to ELEMENT) is limited to 8 characters"
                                    }
                                ],
                                "Rule_Identifier": {
                                    "Id": "CG0246",
                                    "Version": "1"
                                }
                            }
                        ]
                    }
                ]
            }
        ],
        "Scope": {
            "Classes": {
                "Include": [
                    "TRIAL DESIGN",
                    "SPECIAL PURPOSE"
                ]
            },
            "Domains": {
                "Include": [
                    "TA",
                    "TE",
                    "SE"
                ]
            }
        },
        "Rule_Type": "Record Data"
    },
    "_rid": "+4oQAKOYNXxjiwAAAAAAAA==",
    "_self": "dbs/+4oQAA==/colls/+4oQAKOYNXw=/docs/+4oQAKOYNXxjiwAAAAAAAA==/",
    "_etag": "\"e902c3b7-0000-0700-0000-6439bade0000\"",
    "_attachments": "attachments/",
    "_ts": 1681504990
}