{
    "id": "0f2b2115-b9ad-4107-97cf-22503f7b5bab",
    "created": "2023-04-12T14:27:12Z",
    "changed": "2023-04-12T15:09:30Z",
    "creator": {
        "id": "dd0f9aa3-68f9-4825-84a4-86c8303daaff"
    },
    "json": {
        "Authorities": [
            {
                "Organization": "CDISC",
                "Standards": [
                    {
                        "Name": "SDTMIG",
                        "Version": "3.2",
                        "References": [
                            {
                                "Origin": "SDTM and SDTMIG Conformance Rules",
                                "Version": "2.0",
                                "Citations": [
                                    {
                                        "Document": "IG v3.2",
                                        "Item": "Specification",
                                        "Section": "7.2|5|7.3",
                                        "Cited_Guidance": "The trial arms table describes each planned arm in the trial."
                                    }
                                ],
                                "Rule_Identifier": {
                                    "Id": "CG0244",
                                    "Version": "2"
                                }
                            }
                        ]
                    }
                ]
            }
        ],
        "Core": {
            "Id": "CDISC.SDTMIG.CG0244",
            "Version": "1",
            "Status": "Draft"
        },
        "Description": "",
        "Outcome": {
            "Message": ""
        },
        "Sensitivity": "Record",
        "Scope": {
            "Classes": {
                "Include": [
                    "TRIAL DESIGN"
                ]
            },
            "Domains": {
                "Include": [
                    "TA",
                    "TV"
                ]
            }
        },
        "Executability": "Partially Executable",
        "Check": {
            "all": []
        },
        "Rule_Type": "Record Data"
    },
    "content": "# Variable: ARM\n# Condition: \n# Rule: ARM not in ('Screen Failure', 'Not Assigned', 'Unplanned Treatment', 'Not Treated')\nAuthorities:\n  - Organization: CDISC\n    Standards:\n      - Name: SDTMIG\n        Version: '3.2'\n        References:\n          - Origin: SDTM and SDTMIG Conformance Rules\n            Version: '2.0'\n            Citations:\n              - Document: IG v3.2\n                Item: Specification\n                Section: 7.2|5|7.3\n                Cited Guidance: The trial arms table describes each planned arm in\n                  the trial.\n            Rule Identifier:\n              Id: CG0244\n              Version: '2'\nCore:\n  Id: CDISC.SDTMIG.CG0244\n  Version: '1'\n  Status: Draft\nDescription: ''\nOutcome:\n  Message: ''\nSensitivity: Record\nScope:\n  Classes:\n    Include:\n      - TRIAL DESIGN\n  Domains:\n    Include:\n      - TA\n      - TV\nExecutability: Partially Executable\nCheck:\n  all: []\nRule Type: Record Data\n",
    "_rid": "+4oQAKOYNXwIhAAAAAAAAA==",
    "_self": "dbs/+4oQAA==/colls/+4oQAKOYNXw=/docs/+4oQAKOYNXwIhAAAAAAAAA==/",
    "_etag": "\"2e026f32-0000-0700-0000-6436c9ab0000\"",
    "_attachments": "attachments/",
    "_ts": 1681312171
}