{
    "id": "90192e69-9096-4963-9639-ad26d156723f",
    "changed": "2023-03-08T19:47:59.436Z",
    "content": "Check:\n  all:\n    - name: RFENDTC\n      operator: empty\n    - name: --ENRF\n      operator: non_empty\nCore:\n  Id: CORE-000177\n  Version: '1'\n  Status: Draft\nDescription: Raise an error when DM.RFENDTC is empty and --ENRF is not empty.\nMatch Datasets:\n  - Name: DM\n    Keys:\n      - USUBJID\nOutcome:\n  Message: DM.RFENDTC is empty, but --ENRF is completed.\n  Output Variables:\n    - --ENRF\nRule Type: Record Data\nSensitivity: Record\nExecutability:  Fully Executable\nAuthorities:\n  - Organization: CDISC\n    Standards:\n      - Name: SDTMIG\n        Version: '3.4'\n        References:\n          - Origin: SDTM and SDTMIG Conformance Rules\n            Rule Identifier:\n              Id: CG0227\n              Version: '1'\n            Version: '2.0'\n            Citations:\n              - Cited Guidance: The characterization of the end of an observation\n                  relative to the study reference period. The sponsor-defined reference\n                  period is a continuous period of time defined by a discrete starting\n                  point and a discrete ending point represented by RFSTDTC and RFENDTC\n                  in Demographics.\n                Document: Model v2.0\n                Item: --ENRF\n                Section: Timing\n      - Name: SDTMIG\n        Version: '3.3'\n        References:\n          - Origin: SDTM and SDTMIG Conformance Rules\n            Rule Identifier:\n              Id: CG0227\n              Version: '1'\n            Version: '2.0'\n            Citations:\n              - Cited Guidance: Identifies the end of the observation as being before, \n                  during or after the sponsor-defined reference period. The sponsor-defined \n                  reference period is a continuous period of time defined by a discrete \n                  starting point and a discrete ending point represented by RFSTDTC and \n                  RFENDTC in Demographics.\n                Document: Model v1.7\n                Item: Table 2.2.5.1 --ENRF\n                Section: 2.2.5\n      - Name: SDTMIG\n        Version: '3.2'\n        References:\n          - Origin: SDTM and SDTMIG Conformance Rules\n            Rule Identifier:\n              Id: CG0227\n              Version: '1'\n            Version: '2.0'\n            Citations:\n              - Cited Guidance: Identifies the end of the observation as being before, \n                  during or after the sponsor-defined reference period. The sponsor-defined \n                  reference period is a continuous period of time defined by a discrete \n                  starting point and a discrete ending point represented by RFSTDTC and \n                  RFENDTC in Demographics.\n                Document: Model v1.4\n                Section: 2.2.5\nScope:\n  Classes:\n    Include:\n      - ALL\n  Domains:\n    Exclude:\n      - DM\n",
    "created": "2021-10-28T14:07:02Z",
    "creator": {
        "id": "02c3c969-4787-4d57-b164-e2851035c0e8"
    },
    "json": {
        "Check": {
            "all": [
                {
                    "name": "RFENDTC",
                    "operator": "empty"
                },
                {
                    "name": "--ENRF",
                    "operator": "non_empty"
                }
            ]
        },
        "Core": {
            "Id": "CORE-000177",
            "Version": "1",
            "Status": "Draft"
        },
        "Description": "Raise an error when DM.RFENDTC is empty and --ENRF is not empty.",
        "Outcome": {
            "Message": "DM.RFENDTC is empty, but --ENRF is completed.",
            "Output_Variables": [
                "--ENRF"
            ]
        },
        "Sensitivity": "Record",
        "Executability": "Fully Executable",
        "Authorities": [
            {
                "Organization": "CDISC",
                "Standards": [
                    {
                        "Name": "SDTMIG",
                        "Version": "3.4",
                        "References": [
                            {
                                "Origin": "SDTM and SDTMIG Conformance Rules",
                                "Version": "2.0",
                                "Citations": [
                                    {
                                        "Document": "Model v2.0",
                                        "Item": "--ENRF",
                                        "Section": "Timing",
                                        "Cited_Guidance": "The characterization of the end of an observation relative to the study reference period. The sponsor-defined reference period is a continuous period of time defined by a discrete starting point and a discrete ending point represented by RFSTDTC and RFENDTC in Demographics."
                                    }
                                ],
                                "Rule_Identifier": {
                                    "Id": "CG0227",
                                    "Version": "1"
                                }
                            }
                        ]
                    },
                    {
                        "Name": "SDTMIG",
                        "Version": "3.3",
                        "References": [
                            {
                                "Origin": "SDTM and SDTMIG Conformance Rules",
                                "Version": "2.0",
                                "Citations": [
                                    {
                                        "Document": "Model v1.7",
                                        "Item": "Table 2.2.5.1 --ENRF",
                                        "Section": "2.2.5",
                                        "Cited_Guidance": "Identifies the end of the observation as being before, during or after the sponsor-defined reference period. The sponsor-defined reference period is a continuous period of time defined by a discrete starting point and a discrete ending point represented by RFSTDTC and RFENDTC in Demographics."
                                    }
                                ],
                                "Rule_Identifier": {
                                    "Id": "CG0227",
                                    "Version": "1"
                                }
                            }
                        ]
                    },
                    {
                        "Name": "SDTMIG",
                        "Version": "3.2",
                        "References": [
                            {
                                "Origin": "SDTM and SDTMIG Conformance Rules",
                                "Version": "2.0",
                                "Citations": [
                                    {
                                        "Document": "Model v1.4",
                                        "Section": "2.2.5",
                                        "Cited_Guidance": "Identifies the end of the observation as being before, during or after the sponsor-defined reference period. The sponsor-defined reference period is a continuous period of time defined by a discrete starting point and a discrete ending point represented by RFSTDTC and RFENDTC in Demographics."
                                    }
                                ],
                                "Rule_Identifier": {
                                    "Id": "CG0227",
                                    "Version": "1"
                                }
                            }
                        ]
                    }
                ]
            }
        ],
        "Scope": {
            "Classes": {
                "Include": [
                    "ALL"
                ]
            },
            "Domains": {
                "Exclude": [
                    "DM"
                ]
            }
        },
        "Match_Datasets": [
            {
                "Name": "DM",
                "Keys": [
                    "USUBJID"
                ]
            }
        ],
        "Rule_Type": "Record Data"
    },
    "_rid": "+4oQAKOYNXy9iwAAAAAAAA==",
    "_self": "dbs/+4oQAA==/colls/+4oQAKOYNXw=/docs/+4oQAKOYNXy9iwAAAAAAAA==/",
    "_etag": "\"e902e0c1-0000-0700-0000-6439bb1e0000\"",
    "_attachments": "attachments/",
    "_ts": 1681505054
}