{
    "id": "61766f35-7d2f-4bb3-b119-407a5397873d",
    "changed": "2023-03-20T19:29:22.252Z",
    "content": "Check:\n  all:\n    - name: --TPT\n      operator: non_empty\n    - name: --TPTNUM\n      operator: non_empty\n    - name: --ELTM\n      operator: non_empty\n    - name: --ELTM\n      operator: is_unique_set\n      value:\n        - DOMAIN\n        - VISITNUM\n        - --TPTREF\n        - --TPTNUM\nCore:\n  Id: CORE-000142\n  Version: '1'\n  Status: Draft\nDescription: Trigger error where --TPT ^= null and --TPTNUM ^= null and --ELTM ^=\n  null and --ELTM does not have the same value across records with the same values\n  of DOMAIN, VISITNUM, --TPTREF, and --TPTNUM\nOutcome:\n  Message: --ELTM is not the same value across records with the same values of DOMAIN,\n    VISITNUM, --TPTREF, and --TPTNUM\n  Output Variables:\n    - --TPT\n    - --TPTNUM\n    - --ELTM\nRule Type: Record Data\nSensitivity: Dataset\nExecutability: Fully Executable\nAuthorities:\n  - Organization: CDISC\n    Standards:\n      - Name: SDTMIG\n        Version: '3.4'\n        References:\n          - Origin: SDTM and SDTMIG Conformance Rules\n            Rule Identifier:\n              Id: CG0241\n              Version: '1'\n            Version: '2.0'\n            Citations:\n              - Cited Guidance: Within the context that defines uniqueness for a time\n                  point, there is likely to be a one-to-one relationship between most\n                  values of --TPT and --ELTM. However, since --ELTM can only be populated\n                  with ISO 8601 periods of time (as described in Section 4.4.3, Intervals\n                  of Time and Use of Duration for --DUR Variables), --ELTM may not\n                  be populated for all time points. For example, --ELTM is likely\n                  to be null for time points described by text such as 'pre-dose'\n                  or 'before breakfast.' When --ELTM is populated, if two subjects\n                  have records with the same values of DOMAIN, VISITNUM, --TPTREF,\n                  and --TPTNUM, then these records may not have different values in\n                  --ELTM.\n                Document: IG v3.4\n                Section: 4.4.10\n      - Name: SDTMIG\n        Version: '3.3'\n        References:\n          - Origin: SDTM and SDTMIG Conformance Rules\n            Rule Identifier:\n              Id: CG0241\n              Version: '1'\n            Version: '2.0'\n            Citations:\n              - Cited Guidance: Within the context that defines uniqueness for a time point, there is likely to be a one-to-one relationship between most values of --TPT and --ELTM. However, since --ELTM can only be populated with ISO 8601 periods of time (as described in Section 4.1.4.3, Intervals of Time and Use of Duration for --DUR Variables), --ELTM may not be populated for all time points. For example, --ELTM is likely to be null for time points described by text such as 'pre-dose' or 'before breakfast.' When --ELTM is populated, if two subjects have records with the same values of DOMAIN, VISITNUM, --TPTREF, and --TPTNUM, then these records may not have different values in --ELTM.\n                Document: IG v3.3\n                Section: 4.4.10\n      - Name: SDTMIG\n        Version: '3.2'\n        References:\n          - Origin: SDTM and SDTMIG Conformance Rules\n            Rule Identifier:\n              Id: CG0241\n              Version: '1'\n            Version: '2.0'\n            Citations:\n              - Cited Guidance: Within the context that defines uniqueness for a time point, there is likely to be a one-to-one relationship between most values of --TPT and --ELTM. However, since --ELTM can only be populated with ISO 8601 periods of time (as described in Section 4.1.4.3, Intervals of Time and Use of Duration for --DUR Variables), --ELTM may not be populated for all time points. For example, --ELTM is likely to be null for time points described by text such as 'pre-dose' or 'before breakfast.' When --ELTM is populated, if two subjects have records with the same values of DOMAIN, VISITNUM, --TPTREF, and --TPTNUM, then these records may not have different values in --ELTM.\n                Document: IG v3.2\n                Section: 4.1.4.10\nScope:\n  Classes:\n    Include:\n      - ALL\n  Domains:\n    Include:\n      - ALL\n",
    "created": "2021-10-17T04:23:25Z",
    "creator": {
        "id": "ff471ff8-f131-4cf5-9712-c79cce6301a1"
    },
    "json": {
        "Check": {
            "all": [
                {
                    "name": "--TPT",
                    "operator": "non_empty"
                },
                {
                    "name": "--TPTNUM",
                    "operator": "non_empty"
                },
                {
                    "name": "--ELTM",
                    "operator": "non_empty"
                },
                {
                    "name": "--ELTM",
                    "operator": "is_unique_set",
                    "value": [
                        "DOMAIN",
                        "VISITNUM",
                        "--TPTREF",
                        "--TPTNUM"
                    ]
                }
            ]
        },
        "Core": {
            "Id": "CORE-000142",
            "Version": "1",
            "Status": "Draft"
        },
        "Description": "Trigger error where --TPT ^= null and --TPTNUM ^= null and --ELTM ^= null and --ELTM does not have the same value across records with the same values of DOMAIN, VISITNUM, --TPTREF, and --TPTNUM",
        "Outcome": {
            "Message": "--ELTM is not the same value across records with the same values of DOMAIN, VISITNUM, --TPTREF, and --TPTNUM",
            "Output_Variables": [
                "--TPT",
                "--TPTNUM",
                "--ELTM"
            ]
        },
        "Sensitivity": "Dataset",
        "Executability": "Fully Executable",
        "Authorities": [
            {
                "Organization": "CDISC",
                "Standards": [
                    {
                        "Name": "SDTMIG",
                        "Version": "3.4",
                        "References": [
                            {
                                "Origin": "SDTM and SDTMIG Conformance Rules",
                                "Version": "2.0",
                                "Citations": [
                                    {
                                        "Document": "IG v3.4",
                                        "Section": "4.4.10",
                                        "Cited_Guidance": "Within the context that defines uniqueness for a time point, there is likely to be a one-to-one relationship between most values of --TPT and --ELTM. However, since --ELTM can only be populated with ISO 8601 periods of time (as described in Section 4.4.3, Intervals of Time and Use of Duration for --DUR Variables), --ELTM may not be populated for all time points. For example, --ELTM is likely to be null for time points described by text such as 'pre-dose' or 'before breakfast.' When --ELTM is populated, if two subjects have records with the same values of DOMAIN, VISITNUM, --TPTREF, and --TPTNUM, then these records may not have different values in --ELTM."
                                    }
                                ],
                                "Rule_Identifier": {
                                    "Id": "CG0241",
                                    "Version": "1"
                                }
                            }
                        ]
                    },
                    {
                        "Name": "SDTMIG",
                        "Version": "3.3",
                        "References": [
                            {
                                "Origin": "SDTM and SDTMIG Conformance Rules",
                                "Version": "2.0",
                                "Citations": [
                                    {
                                        "Document": "IG v3.3",
                                        "Section": "4.4.10",
                                        "Cited_Guidance": "Within the context that defines uniqueness for a time point, there is likely to be a one-to-one relationship between most values of --TPT and --ELTM. However, since --ELTM can only be populated with ISO 8601 periods of time (as described in Section 4.1.4.3, Intervals of Time and Use of Duration for --DUR Variables), --ELTM may not be populated for all time points. For example, --ELTM is likely to be null for time points described by text such as 'pre-dose' or 'before breakfast.' When --ELTM is populated, if two subjects have records with the same values of DOMAIN, VISITNUM, --TPTREF, and --TPTNUM, then these records may not have different values in --ELTM."
                                    }
                                ],
                                "Rule_Identifier": {
                                    "Id": "CG0241",
                                    "Version": "1"
                                }
                            }
                        ]
                    },
                    {
                        "Name": "SDTMIG",
                        "Version": "3.2",
                        "References": [
                            {
                                "Origin": "SDTM and SDTMIG Conformance Rules",
                                "Version": "2.0",
                                "Citations": [
                                    {
                                        "Document": "IG v3.2",
                                        "Section": "4.1.4.10",
                                        "Cited_Guidance": "Within the context that defines uniqueness for a time point, there is likely to be a one-to-one relationship between most values of --TPT and --ELTM. However, since --ELTM can only be populated with ISO 8601 periods of time (as described in Section 4.1.4.3, Intervals of Time and Use of Duration for --DUR Variables), --ELTM may not be populated for all time points. For example, --ELTM is likely to be null for time points described by text such as 'pre-dose' or 'before breakfast.' When --ELTM is populated, if two subjects have records with the same values of DOMAIN, VISITNUM, --TPTREF, and --TPTNUM, then these records may not have different values in --ELTM."
                                    }
                                ],
                                "Rule_Identifier": {
                                    "Id": "CG0241",
                                    "Version": "1"
                                }
                            }
                        ]
                    }
                ]
            }
        ],
        "Scope": {
            "Classes": {
                "Include": [
                    "ALL"
                ]
            },
            "Domains": {
                "Include": [
                    "ALL"
                ]
            }
        },
        "Rule_Type": "Record Data"
    },
    "_rid": "+4oQAKOYNXxhiwAAAAAAAA==",
    "_self": "dbs/+4oQAA==/colls/+4oQAKOYNXw=/docs/+4oQAKOYNXxhiwAAAAAAAA==/",
    "_etag": "\"e9023fb7-0000-0700-0000-6439badd0000\"",
    "_attachments": "attachments/",
    "_ts": 1681504989
}